seed_id,from_login_id,to_expert_login_id,question_title,question_text,is_public,created_at
q_001,id_s_001,id_e_001,AI 활동을 처음 시작할 때 혼자 해볼 만한 일이 있을까요?,"중학교 동아리에서 작은 발표를 준비하는 상황입니다. 요즘 이 분야에 관심이 생겼는데, 주변에 같이 하는 친구가 많지 않습니다. 혼자 시작해도 의미 있는 활동과 한 달 안에 남길 수 있는 기록 방식이 궁금합니다. 제가 바로 해볼 수 있는 첫 단계를 구체적으로 알려주세요.",0,2026-03-01T09:20:00
q_002,id_s_012,id_e_008,데이터 분석 포트폴리오를 만들 때 보여줘야 하는 핵심이 뭘까요?,"학교 밖 커뮤니티나 온라인 모임 참여를 고민하는 상황입니다. 좋아한다는 말만으로는 부족할 것 같아서 작은 포트폴리오를 만들고 싶습니다. 완성작, 과정 기록, 피드백 중 무엇을 더 중요하게 봐야 할까요? 실패했을 때 어떻게 기록하면 좋을지도 궁금합니다.",1,2026-03-01T18:20:00
q_003,id_s_023,id_e_015,학교 수업에서 배운 내용을 영상제작 활동으로 연결하고 싶습니다.,"진로를 확정하기보다는 탐색 증거를 만들고 싶은 상황입니다. 수업 시간에 배운 내용이 재미있었는데, 이 활동과 연결하면 더 깊게 탐구할 수 있을 것 같습니다. 선생님께 제안할 만한 작은 프로젝트 형태가 있을까요? 학생 수준에서 무리하지 않는 범위로 조언 부탁드립니다.",1,2026-03-02T03:20:00
q_004,id_s_034,id_e_022,사진 분야에 관심은 있지만 실력이 부족해서 시작이 망설여집니다.,아직 결과물은 없지만 관련 자료를 모으기 시작한 상황입니다. 관심은 큰데 막상 해보면 결과물이 어설퍼서 금방 포기하게 됩니다. 초보자가 실력을 확인하면서도 지치지 않게 연습하는 방법을 알고 싶습니다. 나중에 다시 질문드릴 때 어떤 결과를 가져오면 좋을까요?,1,2026-03-02T12:20:00
q_005,id_s_045,id_e_029,저널리즘 모임을 친구들과 운영한다면 어떤 규칙이 필요할까요?,친구 두 명과 방과 후 프로젝트를 시작하려는 상황입니다. 친구 몇 명과 저널리즘 관련 활동을 해보려고 합니다. 처음에는 재미있게 시작해도 역할 분담이나 일정 때문에 흐지부지될까 봐 걱정됩니다. 제가 바로 해볼 수 있는 첫 단계를 구체적으로 알려주세요.,1,2026-03-02T21:20:00
q_006,id_s_056,id_e_036,웹툰 분야가 진로로 이어질 수 있는지 현실적으로 확인하고 싶습니다.,고등학교 수행평가와 개인 관심사를 연결하려는 상황입니다. 웹툰에 관심이 있지만 이걸 직업이나 활동 방향으로 삼아도 되는지 잘 모르겠습니다. 좋아하는 마음과 실제 진로 가능성을 어떻게 구분하면 좋을까요? 실패했을 때 어떻게 기록하면 좋을지도 궁금합니다.,1,2026-03-03T06:20:00
q_007,id_s_067,id_e_043,브랜딩 활동을 생활기록부나 자기소개서에 쓰려면 어떤 깊이가 필요할까요?,중학교 동아리에서 작은 발표를 준비하는 상황입니다. 단순 체험으로 끝내지 않고 제 관심과 성장 과정이 보이게 만들고 싶습니다. 어떤 질문을 잡고 어떤 증거를 남겨야 의미 있는 활동이 될까요? 학생 수준에서 무리하지 않는 범위로 조언 부탁드립니다.,1,2026-03-03T15:20:00
q_008,id_s_078,id_e_050,식품개발 분야를 잘하는 사람들은 초반에 무엇을 다르게 하나요?,학교 밖 커뮤니티나 온라인 모임 참여를 고민하는 상황입니다. 자료를 찾아보면 다들 결과가 좋아 보여서 더 어렵게 느껴집니다. 초반에 시행착오를 줄이는 습관이나 관찰 포인트가 있다면 알고 싶습니다. 나중에 다시 질문드릴 때 어떤 결과를 가져오면 좋을까요?,1,2026-03-04T00:20:00
q_009,id_s_089,id_e_057,로봇 활동에서 팀장 역할을 맡게 됐는데 부담됩니다.,진로를 확정하기보다는 탐색 증거를 만들고 싶은 상황입니다. 제가 제안해서 시작한 활동이라 팀장을 맡게 됐습니다. 친구들이 편하게 참여하면서도 결과물을 남기려면 어떤 방식으로 운영해야 할까요? 제가 바로 해볼 수 있는 첫 단계를 구체적으로 알려주세요.,1,2026-03-04T09:20:00
q_010,id_s_100,id_e_064,"의료기술 분야와 관련된 책, 영상, 현장 경험 중 무엇부터 해야 할까요?","아직 결과물은 없지만 관련 자료를 모으기 시작한 상황입니다. 관심 분야를 넓히고 싶은데 책을 읽어야 할지, 영상을 봐야 할지, 직접 체험을 해야 할지 모르겠습니다. 순서를 정하는 기준이 궁금합니다. 실패했을 때 어떻게 기록하면 좋을지도 궁금합니다.",0,2026-03-04T18:20:00
q_011,id_s_111,id_e_071,기후위기 활동을 취미가 아니라 프로젝트처럼 발전시키고 싶습니다.,"친구 두 명과 방과 후 프로젝트를 시작하려는 상황입니다. 지금은 재미로만 하고 있는데, 조금 더 제대로 된 활동으로 만들어 보고 싶습니다. 주제 선정부터 결과 공유까지 어떤 흐름으로 잡으면 좋을까요? 학생 수준에서 무리하지 않는 범위로 조언 부탁드립니다.",1,2026-03-05T03:20:00
q_012,id_s_122,id_e_078,도시농업 분야에서 흔히 하는 오해나 실수가 있을까요?,고등학교 수행평가와 개인 관심사를 연결하려는 상황입니다. 처음 시작하는 입장에서 겉으로 보이는 모습만 보고 판단할까 봐 걱정됩니다. 실제 현장이나 활동 경험에서 느낀 오해를 알려주시면 도움이 될 것 같습니다. 나중에 다시 질문드릴 때 어떤 결과를 가져오면 좋을까요?,1,2026-03-05T12:20:00
q_013,id_s_133,id_e_085,SF 독서 활동을 처음 시작할 때 혼자 해볼 만한 일이 있을까요?,"중학교 동아리에서 작은 발표를 준비하는 상황입니다. 요즘 이 분야에 관심이 생겼는데, 주변에 같이 하는 친구가 많지 않습니다. 혼자 시작해도 의미 있는 활동과 한 달 안에 남길 수 있는 기록 방식이 궁금합니다. 제가 바로 해볼 수 있는 첫 단계를 구체적으로 알려주세요.",1,2026-03-05T21:20:00
q_014,id_s_144,id_e_092,교육 포트폴리오를 만들 때 보여줘야 하는 핵심이 뭘까요?,"학교 밖 커뮤니티나 온라인 모임 참여를 고민하는 상황입니다. 좋아한다는 말만으로는 부족할 것 같아서 작은 포트폴리오를 만들고 싶습니다. 완성작, 과정 기록, 피드백 중 무엇을 더 중요하게 봐야 할까요? 실패했을 때 어떻게 기록하면 좋을지도 궁금합니다.",1,2026-03-06T06:20:00
q_015,id_s_155,id_e_099,학교 수업에서 배운 내용을 환경보호 활동으로 연결하고 싶습니다.,"진로를 확정하기보다는 탐색 증거를 만들고 싶은 상황입니다. 수업 시간에 배운 내용이 재미있었는데, 이 활동과 연결하면 더 깊게 탐구할 수 있을 것 같습니다. 선생님께 제안할 만한 작은 프로젝트 형태가 있을까요? 학생 수준에서 무리하지 않는 범위로 조언 부탁드립니다.",1,2026-03-06T15:20:00
q_016,id_s_166,id_e_106,식품개발 분야에 관심은 있지만 실력이 부족해서 시작이 망설여집니다.,아직 결과물은 없지만 관련 자료를 모으기 시작한 상황입니다. 관심은 큰데 막상 해보면 결과물이 어설퍼서 금방 포기하게 됩니다. 초보자가 실력을 확인하면서도 지치지 않게 연습하는 방법을 알고 싶습니다. 나중에 다시 질문드릴 때 어떤 결과를 가져오면 좋을까요?,1,2026-03-07T00:20:00
q_017,id_s_177,id_e_113,로봇 모임을 친구들과 운영한다면 어떤 규칙이 필요할까요?,친구 두 명과 방과 후 프로젝트를 시작하려는 상황입니다. 친구 몇 명과 로봇 관련 활동을 해보려고 합니다. 처음에는 재미있게 시작해도 역할 분담이나 일정 때문에 흐지부지될까 봐 걱정됩니다. 제가 바로 해볼 수 있는 첫 단계를 구체적으로 알려주세요.,1,2026-03-07T09:20:00
q_018,id_s_188,id_e_120,운동처방 분야가 진로로 이어질 수 있는지 현실적으로 확인하고 싶습니다.,고등학교 수행평가와 개인 관심사를 연결하려는 상황입니다. 운동처방에 관심이 있지만 이걸 직업이나 활동 방향으로 삼아도 되는지 잘 모르겠습니다. 좋아하는 마음과 실제 진로 가능성을 어떻게 구분하면 좋을까요? 실패했을 때 어떻게 기록하면 좋을지도 궁금합니다.,1,2026-03-07T18:20:00
q_019,id_s_199,id_e_127,도시농업 활동을 생활기록부나 자기소개서에 쓰려면 어떤 깊이가 필요할까요?,중학교 동아리에서 작은 발표를 준비하는 상황입니다. 단순 체험으로 끝내지 않고 제 관심과 성장 과정이 보이게 만들고 싶습니다. 어떤 질문을 잡고 어떤 증거를 남겨야 의미 있는 활동이 될까요? 학생 수준에서 무리하지 않는 범위로 조언 부탁드립니다.,0,2026-03-08T03:20:00
q_020,id_s_210,id_e_134,음악 분야를 잘하는 사람들은 초반에 무엇을 다르게 하나요?,학교 밖 커뮤니티나 온라인 모임 참여를 고민하는 상황입니다. 자료를 찾아보면 다들 결과가 좋아 보여서 더 어렵게 느껴집니다. 초반에 시행착오를 줄이는 습관이나 관찰 포인트가 있다면 알고 싶습니다. 나중에 다시 질문드릴 때 어떤 결과를 가져오면 좋을까요?,1,2026-03-08T12:20:00
q_021,id_s_221,id_e_141,의료기술 활동에서 팀장 역할을 맡게 됐는데 부담됩니다.,진로를 확정하기보다는 탐색 증거를 만들고 싶은 상황입니다. 제가 제안해서 시작한 활동이라 팀장을 맡게 됐습니다. 친구들이 편하게 참여하면서도 결과물을 남기려면 어떤 방식으로 운영해야 할까요? 제가 바로 해볼 수 있는 첫 단계를 구체적으로 알려주세요.,1,2026-03-08T21:20:00
q_022,id_s_232,id_e_148,"소셜모임운영 분야와 관련된 책, 영상, 현장 경험 중 무엇부터 해야 할까요?","아직 결과물은 없지만 관련 자료를 모으기 시작한 상황입니다. 관심 분야를 넓히고 싶은데 책을 읽어야 할지, 영상을 봐야 할지, 직접 체험을 해야 할지 모르겠습니다. 순서를 정하는 기준이 궁금합니다. 실패했을 때 어떻게 기록하면 좋을지도 궁금합니다.",1,2026-03-09T06:20:00
q_023,id_s_243,id_e_005,드론 활동을 취미가 아니라 프로젝트처럼 발전시키고 싶습니다.,"친구 두 명과 방과 후 프로젝트를 시작하려는 상황입니다. 지금은 재미로만 하고 있는데, 조금 더 제대로 된 활동으로 만들어 보고 싶습니다. 주제 선정부터 결과 공유까지 어떤 흐름으로 잡으면 좋을까요? 학생 수준에서 무리하지 않는 범위로 조언 부탁드립니다.",1,2026-03-09T15:20:00
q_024,id_s_254,id_e_012,운동처방 분야에서 흔히 하는 오해나 실수가 있을까요?,고등학교 수행평가와 개인 관심사를 연결하려는 상황입니다. 처음 시작하는 입장에서 겉으로 보이는 모습만 보고 판단할까 봐 걱정됩니다. 실제 현장이나 활동 경험에서 느낀 오해를 알려주시면 도움이 될 것 같습니다. 나중에 다시 질문드릴 때 어떤 결과를 가져오면 좋을까요?,1,2026-03-10T00:20:00
q_025,id_s_265,id_e_019,도시농업 활동을 처음 시작할 때 혼자 해볼 만한 일이 있을까요?,"중학교 동아리에서 작은 발표를 준비하는 상황입니다. 요즘 이 분야에 관심이 생겼는데, 주변에 같이 하는 친구가 많지 않습니다. 혼자 시작해도 의미 있는 활동과 한 달 안에 남길 수 있는 기록 방식이 궁금합니다. 제가 바로 해볼 수 있는 첫 단계를 구체적으로 알려주세요.",1,2026-03-10T09:20:00
q_026,id_s_276,id_e_026,공예 포트폴리오를 만들 때 보여줘야 하는 핵심이 뭘까요?,"학교 밖 커뮤니티나 온라인 모임 참여를 고민하는 상황입니다. 좋아한다는 말만으로는 부족할 것 같아서 작은 포트폴리오를 만들고 싶습니다. 완성작, 과정 기록, 피드백 중 무엇을 더 중요하게 봐야 할까요? 실패했을 때 어떻게 기록하면 좋을지도 궁금합니다.",1,2026-03-10T18:20:00
q_027,id_s_287,id_e_033,학교 수업에서 배운 내용을 의료기술 활동으로 연결하고 싶습니다.,"진로를 확정하기보다는 탐색 증거를 만들고 싶은 상황입니다. 수업 시간에 배운 내용이 재미있었는데, 이 활동과 연결하면 더 깊게 탐구할 수 있을 것 같습니다. 선생님께 제안할 만한 작은 프로젝트 형태가 있을까요? 학생 수준에서 무리하지 않는 범위로 조언 부탁드립니다.",1,2026-03-11T03:20:00
q_028,id_s_298,id_e_040,소셜모임운영 분야에 관심은 있지만 실력이 부족해서 시작이 망설여집니다.,아직 결과물은 없지만 관련 자료를 모으기 시작한 상황입니다. 관심은 큰데 막상 해보면 결과물이 어설퍼서 금방 포기하게 됩니다. 초보자가 실력을 확인하면서도 지치지 않게 연습하는 방법을 알고 싶습니다. 나중에 다시 질문드릴 때 어떤 결과를 가져오면 좋을까요?,0,2026-03-11T12:20:00
q_029,id_s_009,id_e_047,NGO활동 모임을 친구들과 운영한다면 어떤 규칙이 필요할까요?,친구 두 명과 방과 후 프로젝트를 시작하려는 상황입니다. 친구 몇 명과 NGO활동 관련 활동을 해보려고 합니다. 처음에는 재미있게 시작해도 역할 분담이나 일정 때문에 흐지부지될까 봐 걱정됩니다. 제가 바로 해볼 수 있는 첫 단계를 구체적으로 알려주세요.,1,2026-03-11T21:20:00
q_030,id_s_020,id_e_054,드론 분야가 진로로 이어질 수 있는지 현실적으로 확인하고 싶습니다.,고등학교 수행평가와 개인 관심사를 연결하려는 상황입니다. 드론에 관심이 있지만 이걸 직업이나 활동 방향으로 삼아도 되는지 잘 모르겠습니다. 좋아하는 마음과 실제 진로 가능성을 어떻게 구분하면 좋을까요? 실패했을 때 어떻게 기록하면 좋을지도 궁금합니다.,1,2026-03-12T06:20:00
q_031,id_s_031,id_e_061,드론 활동을 생활기록부나 자기소개서에 쓰려면 어떤 깊이가 필요할까요?,중학교 동아리에서 작은 발표를 준비하는 상황입니다. 단순 체험으로 끝내지 않고 제 관심과 성장 과정이 보이게 만들고 싶습니다. 어떤 질문을 잡고 어떤 증거를 남겨야 의미 있는 활동이 될까요? 학생 수준에서 무리하지 않는 범위로 조언 부탁드립니다.,1,2026-03-12T15:20:00
q_032,id_s_042,id_e_068,응급처치 분야를 잘하는 사람들은 초반에 무엇을 다르게 하나요?,학교 밖 커뮤니티나 온라인 모임 참여를 고민하는 상황입니다. 자료를 찾아보면 다들 결과가 좋아 보여서 더 어렵게 느껴집니다. 초반에 시행착오를 줄이는 습관이나 관찰 포인트가 있다면 알고 싶습니다. 나중에 다시 질문드릴 때 어떤 결과를 가져오면 좋을까요?,1,2026-03-13T00:20:00
q_033,id_s_053,id_e_075,수학 활동에서 팀장 역할을 맡게 됐는데 부담됩니다.,진로를 확정하기보다는 탐색 증거를 만들고 싶은 상황입니다. 제가 제안해서 시작한 활동이라 팀장을 맡게 됐습니다. 친구들이 편하게 참여하면서도 결과물을 남기려면 어떤 방식으로 운영해야 할까요? 제가 바로 해볼 수 있는 첫 단계를 구체적으로 알려주세요.,1,2026-03-13T09:20:00
q_034,id_s_064,id_e_082,"영상제작 분야와 관련된 책, 영상, 현장 경험 중 무엇부터 해야 할까요?","아직 결과물은 없지만 관련 자료를 모으기 시작한 상황입니다. 관심 분야를 넓히고 싶은데 책을 읽어야 할지, 영상을 봐야 할지, 직접 체험을 해야 할지 모르겠습니다. 순서를 정하는 기준이 궁금합니다. 실패했을 때 어떻게 기록하면 좋을지도 궁금합니다.",1,2026-03-13T18:20:00
q_035,id_s_075,id_e_089,교육 활동을 취미가 아니라 프로젝트처럼 발전시키고 싶습니다.,"친구 두 명과 방과 후 프로젝트를 시작하려는 상황입니다. 지금은 재미로만 하고 있는데, 조금 더 제대로 된 활동으로 만들어 보고 싶습니다. 주제 선정부터 결과 공유까지 어떤 흐름으로 잡으면 좋을까요? 학생 수준에서 무리하지 않는 범위로 조언 부탁드립니다.",1,2026-03-14T03:20:00
q_036,id_s_086,id_e_096,AI 분야에서 흔히 하는 오해나 실수가 있을까요?,고등학교 수행평가와 개인 관심사를 연결하려는 상황입니다. 처음 시작하는 입장에서 겉으로 보이는 모습만 보고 판단할까 봐 걱정됩니다. 실제 현장이나 활동 경험에서 느낀 오해를 알려주시면 도움이 될 것 같습니다. 나중에 다시 질문드릴 때 어떤 결과를 가져오면 좋을까요?,1,2026-03-14T12:20:00
q_037,id_s_097,id_e_103,반려동물커뮤니티 활동을 처음 시작할 때 혼자 해볼 만한 일이 있을까요?,"중학교 동아리에서 작은 발표를 준비하는 상황입니다. 요즘 이 분야에 관심이 생겼는데, 주변에 같이 하는 친구가 많지 않습니다. 혼자 시작해도 의미 있는 활동과 한 달 안에 남길 수 있는 기록 방식이 궁금합니다. 제가 바로 해볼 수 있는 첫 단계를 구체적으로 알려주세요.",0,2026-03-14T21:20:00
q_038,id_s_108,id_e_110,메이커활동 포트폴리오를 만들 때 보여줘야 하는 핵심이 뭘까요?,"학교 밖 커뮤니티나 온라인 모임 참여를 고민하는 상황입니다. 좋아한다는 말만으로는 부족할 것 같아서 작은 포트폴리오를 만들고 싶습니다. 완성작, 과정 기록, 피드백 중 무엇을 더 중요하게 봐야 할까요? 실패했을 때 어떻게 기록하면 좋을지도 궁금합니다.",1,2026-03-15T06:20:00
q_039,id_s_119,id_e_117,학교 수업에서 배운 내용을 카페운영 활동으로 연결하고 싶습니다.,"진로를 확정하기보다는 탐색 증거를 만들고 싶은 상황입니다. 수업 시간에 배운 내용이 재미있었는데, 이 활동과 연결하면 더 깊게 탐구할 수 있을 것 같습니다. 선생님께 제안할 만한 작은 프로젝트 형태가 있을까요? 학생 수준에서 무리하지 않는 범위로 조언 부탁드립니다.",1,2026-03-15T15:20:00
q_040,id_s_130,id_e_124,환경보호 분야에 관심은 있지만 실력이 부족해서 시작이 망설여집니다.,아직 결과물은 없지만 관련 자료를 모으기 시작한 상황입니다. 관심은 큰데 막상 해보면 결과물이 어설퍼서 금방 포기하게 됩니다. 초보자가 실력을 확인하면서도 지치지 않게 연습하는 방법을 알고 싶습니다. 나중에 다시 질문드릴 때 어떤 결과를 가져오면 좋을까요?,1,2026-03-16T00:20:00
q_041,id_s_141,id_e_131,공예 모임을 친구들과 운영한다면 어떤 규칙이 필요할까요?,친구 두 명과 방과 후 프로젝트를 시작하려는 상황입니다. 친구 몇 명과 공예 관련 활동을 해보려고 합니다. 처음에는 재미있게 시작해도 역할 분담이나 일정 때문에 흐지부지될까 봐 걱정됩니다. 제가 바로 해볼 수 있는 첫 단계를 구체적으로 알려주세요.,1,2026-03-16T09:20:00
q_042,id_s_152,id_e_138,반려동물커뮤니티 분야가 진로로 이어질 수 있는지 현실적으로 확인하고 싶습니다.,고등학교 수행평가와 개인 관심사를 연결하려는 상황입니다. 반려동물커뮤니티에 관심이 있지만 이걸 직업이나 활동 방향으로 삼아도 되는지 잘 모르겠습니다. 좋아하는 마음과 실제 진로 가능성을 어떻게 구분하면 좋을까요? 실패했을 때 어떻게 기록하면 좋을지도 궁금합니다.,1,2026-03-16T18:20:00
q_043,id_s_163,id_e_145,독서모임 활동을 생활기록부나 자기소개서에 쓰려면 어떤 깊이가 필요할까요?,중학교 동아리에서 작은 발표를 준비하는 상황입니다. 단순 체험으로 끝내지 않고 제 관심과 성장 과정이 보이게 만들고 싶습니다. 어떤 질문을 잡고 어떤 증거를 남겨야 의미 있는 활동이 될까요? 학생 수준에서 무리하지 않는 범위로 조언 부탁드립니다.,1,2026-03-17T03:20:00
q_044,id_s_174,id_e_002,수학 분야를 잘하는 사람들은 초반에 무엇을 다르게 하나요?,학교 밖 커뮤니티나 온라인 모임 참여를 고민하는 상황입니다. 자료를 찾아보면 다들 결과가 좋아 보여서 더 어렵게 느껴집니다. 초반에 시행착오를 줄이는 습관이나 관찰 포인트가 있다면 알고 싶습니다. 나중에 다시 질문드릴 때 어떤 결과를 가져오면 좋을까요?,1,2026-03-17T12:20:00
q_045,id_s_185,id_e_009,카페운영 활동에서 팀장 역할을 맡게 됐는데 부담됩니다.,진로를 확정하기보다는 탐색 증거를 만들고 싶은 상황입니다. 제가 제안해서 시작한 활동이라 팀장을 맡게 됐습니다. 친구들이 편하게 참여하면서도 결과물을 남기려면 어떤 방식으로 운영해야 할까요? 제가 바로 해볼 수 있는 첫 단계를 구체적으로 알려주세요.,1,2026-03-17T21:20:00
q_046,id_s_196,id_e_016,"환경보호 분야와 관련된 책, 영상, 현장 경험 중 무엇부터 해야 할까요?","아직 결과물은 없지만 관련 자료를 모으기 시작한 상황입니다. 관심 분야를 넓히고 싶은데 책을 읽어야 할지, 영상을 봐야 할지, 직접 체험을 해야 할지 모르겠습니다. 순서를 정하는 기준이 궁금합니다. 실패했을 때 어떻게 기록하면 좋을지도 궁금합니다.",0,2026-03-18T06:20:00
q_047,id_s_207,id_e_023,공연기획 활동을 취미가 아니라 프로젝트처럼 발전시키고 싶습니다.,"친구 두 명과 방과 후 프로젝트를 시작하려는 상황입니다. 지금은 재미로만 하고 있는데, 조금 더 제대로 된 활동으로 만들어 보고 싶습니다. 주제 선정부터 결과 공유까지 어떤 흐름으로 잡으면 좋을까요? 학생 수준에서 무리하지 않는 범위로 조언 부탁드립니다.",1,2026-03-18T15:20:00
q_048,id_s_218,id_e_030,반려동물커뮤니티 분야에서 흔히 하는 오해나 실수가 있을까요?,고등학교 수행평가와 개인 관심사를 연결하려는 상황입니다. 처음 시작하는 입장에서 겉으로 보이는 모습만 보고 판단할까 봐 걱정됩니다. 실제 현장이나 활동 경험에서 느낀 오해를 알려주시면 도움이 될 것 같습니다. 나중에 다시 질문드릴 때 어떤 결과를 가져오면 좋을까요?,1,2026-03-19T00:20:00
q_049,id_s_229,id_e_037,독서모임 활동을 처음 시작할 때 혼자 해볼 만한 일이 있을까요?,"중학교 동아리에서 작은 발표를 준비하는 상황입니다. 요즘 이 분야에 관심이 생겼는데, 주변에 같이 하는 친구가 많지 않습니다. 혼자 시작해도 의미 있는 활동과 한 달 안에 남길 수 있는 기록 방식이 궁금합니다. 제가 바로 해볼 수 있는 첫 단계를 구체적으로 알려주세요.",1,2026-03-19T09:20:00
q_050,id_s_240,id_e_044,사회혁신 포트폴리오를 만들 때 보여줘야 하는 핵심이 뭘까요?,"학교 밖 커뮤니티나 온라인 모임 참여를 고민하는 상황입니다. 좋아한다는 말만으로는 부족할 것 같아서 작은 포트폴리오를 만들고 싶습니다. 완성작, 과정 기록, 피드백 중 무엇을 더 중요하게 봐야 할까요? 실패했을 때 어떻게 기록하면 좋을지도 궁금합니다.",1,2026-03-19T18:20:00
q_051,id_s_251,id_e_051,학교 수업에서 배운 내용을 아이돌팬클럽 활동으로 연결하고 싶습니다.,"진로를 확정하기보다는 탐색 증거를 만들고 싶은 상황입니다. 수업 시간에 배운 내용이 재미있었는데, 이 활동과 연결하면 더 깊게 탐구할 수 있을 것 같습니다. 선생님께 제안할 만한 작은 프로젝트 형태가 있을까요? 학생 수준에서 무리하지 않는 범위로 조언 부탁드립니다.",1,2026-03-20T03:20:00
q_052,id_s_262,id_e_058,공예 분야에 관심은 있지만 실력이 부족해서 시작이 망설여집니다.,아직 결과물은 없지만 관련 자료를 모으기 시작한 상황입니다. 관심은 큰데 막상 해보면 결과물이 어설퍼서 금방 포기하게 됩니다. 초보자가 실력을 확인하면서도 지치지 않게 연습하는 방법을 알고 싶습니다. 나중에 다시 질문드릴 때 어떤 결과를 가져오면 좋을까요?,1,2026-03-20T12:20:00
q_053,id_s_273,id_e_065,바이오 모임을 친구들과 운영한다면 어떤 규칙이 필요할까요?,친구 두 명과 방과 후 프로젝트를 시작하려는 상황입니다. 친구 몇 명과 바이오 관련 활동을 해보려고 합니다. 처음에는 재미있게 시작해도 역할 분담이나 일정 때문에 흐지부지될까 봐 걱정됩니다. 제가 바로 해볼 수 있는 첫 단계를 구체적으로 알려주세요.,1,2026-03-20T21:20:00
q_054,id_s_284,id_e_072,브랜딩 분야가 진로로 이어질 수 있는지 현실적으로 확인하고 싶습니다.,고등학교 수행평가와 개인 관심사를 연결하려는 상황입니다. 브랜딩에 관심이 있지만 이걸 직업이나 활동 방향으로 삼아도 되는지 잘 모르겠습니다. 좋아하는 마음과 실제 진로 가능성을 어떻게 구분하면 좋을까요? 실패했을 때 어떻게 기록하면 좋을지도 궁금합니다.,1,2026-03-21T06:20:00
q_055,id_s_295,id_e_079,웹툰 활동을 생활기록부나 자기소개서에 쓰려면 어떤 깊이가 필요할까요?,중학교 동아리에서 작은 발표를 준비하는 상황입니다. 단순 체험으로 끝내지 않고 제 관심과 성장 과정이 보이게 만들고 싶습니다. 어떤 질문을 잡고 어떤 증거를 남겨야 의미 있는 활동이 될까요? 학생 수준에서 무리하지 않는 범위로 조언 부탁드립니다.,0,2026-03-21T15:20:00
q_056,id_s_006,id_e_086,SF 독서 분야를 잘하는 사람들은 초반에 무엇을 다르게 하나요?,학교 밖 커뮤니티나 온라인 모임 참여를 고민하는 상황입니다. 자료를 찾아보면 다들 결과가 좋아 보여서 더 어렵게 느껴집니다. 초반에 시행착오를 줄이는 습관이나 관찰 포인트가 있다면 알고 싶습니다. 나중에 다시 질문드릴 때 어떤 결과를 가져오면 좋을까요?,1,2026-03-22T00:20:00
q_057,id_s_017,id_e_093,멘토링 활동에서 팀장 역할을 맡게 됐는데 부담됩니다.,진로를 확정하기보다는 탐색 증거를 만들고 싶은 상황입니다. 제가 제안해서 시작한 활동이라 팀장을 맡게 됐습니다. 친구들이 편하게 참여하면서도 결과물을 남기려면 어떤 방식으로 운영해야 할까요? 제가 바로 해볼 수 있는 첫 단계를 구체적으로 알려주세요.,1,2026-03-22T09:20:00
q_058,id_s_028,id_e_100,"아이돌팬클럽 분야와 관련된 책, 영상, 현장 경험 중 무엇부터 해야 할까요?","아직 결과물은 없지만 관련 자료를 모으기 시작한 상황입니다. 관심 분야를 넓히고 싶은데 책을 읽어야 할지, 영상을 봐야 할지, 직접 체험을 해야 할지 모르겠습니다. 순서를 정하는 기준이 궁금합니다. 실패했을 때 어떻게 기록하면 좋을지도 궁금합니다.",1,2026-03-22T18:20:00
q_059,id_s_039,id_e_107,정육유통 활동을 취미가 아니라 프로젝트처럼 발전시키고 싶습니다.,"친구 두 명과 방과 후 프로젝트를 시작하려는 상황입니다. 지금은 재미로만 하고 있는데, 조금 더 제대로 된 활동으로 만들어 보고 싶습니다. 주제 선정부터 결과 공유까지 어떤 흐름으로 잡으면 좋을까요? 학생 수준에서 무리하지 않는 범위로 조언 부탁드립니다.",1,2026-03-23T03:20:00
q_060,id_s_050,id_e_114,독서모임 분야에서 흔히 하는 오해나 실수가 있을까요?,고등학교 수행평가와 개인 관심사를 연결하려는 상황입니다. 처음 시작하는 입장에서 겉으로 보이는 모습만 보고 판단할까 봐 걱정됩니다. 실제 현장이나 활동 경험에서 느낀 오해를 알려주시면 도움이 될 것 같습니다. 나중에 다시 질문드릴 때 어떤 결과를 가져오면 좋을까요?,1,2026-03-23T12:20:00
q_061,id_s_061,id_e_121,운동처방 활동을 처음 시작할 때 혼자 해볼 만한 일이 있을까요?,"중학교 동아리에서 작은 발표를 준비하는 상황입니다. 요즘 이 분야에 관심이 생겼는데, 주변에 같이 하는 친구가 많지 않습니다. 혼자 시작해도 의미 있는 활동과 한 달 안에 남길 수 있는 기록 방식이 궁금합니다. 제가 바로 해볼 수 있는 첫 단계를 구체적으로 알려주세요.",1,2026-03-23T21:20:00
q_062,id_s_072,id_e_128,해양생물학 포트폴리오를 만들 때 보여줘야 하는 핵심이 뭘까요?,"학교 밖 커뮤니티나 온라인 모임 참여를 고민하는 상황입니다. 좋아한다는 말만으로는 부족할 것 같아서 작은 포트폴리오를 만들고 싶습니다. 완성작, 과정 기록, 피드백 중 무엇을 더 중요하게 봐야 할까요? 실패했을 때 어떻게 기록하면 좋을지도 궁금합니다.",1,2026-03-24T06:20:00
q_063,id_s_083,id_e_135,학교 수업에서 배운 내용을 게임방송 활동으로 연결하고 싶습니다.,"진로를 확정하기보다는 탐색 증거를 만들고 싶은 상황입니다. 수업 시간에 배운 내용이 재미있었는데, 이 활동과 연결하면 더 깊게 탐구할 수 있을 것 같습니다. 선생님께 제안할 만한 작은 프로젝트 형태가 있을까요? 학생 수준에서 무리하지 않는 범위로 조언 부탁드립니다.",1,2026-03-24T15:20:00
q_064,id_s_094,id_e_142,게임방송 분야에 관심은 있지만 실력이 부족해서 시작이 망설여집니다.,아직 결과물은 없지만 관련 자료를 모으기 시작한 상황입니다. 관심은 큰데 막상 해보면 결과물이 어설퍼서 금방 포기하게 됩니다. 초보자가 실력을 확인하면서도 지치지 않게 연습하는 방법을 알고 싶습니다. 나중에 다시 질문드릴 때 어떤 결과를 가져오면 좋을까요?,0,2026-03-25T00:20:00
q_065,id_s_105,id_e_149,지역축제 모임을 친구들과 운영한다면 어떤 규칙이 필요할까요?,친구 두 명과 방과 후 프로젝트를 시작하려는 상황입니다. 친구 몇 명과 지역축제 관련 활동을 해보려고 합니다. 처음에는 재미있게 시작해도 역할 분담이나 일정 때문에 흐지부지될까 봐 걱정됩니다. 제가 바로 해볼 수 있는 첫 단계를 구체적으로 알려주세요.,1,2026-03-25T09:20:00
q_066,id_s_116,id_e_006,독서모임 분야가 진로로 이어질 수 있는지 현실적으로 확인하고 싶습니다.,고등학교 수행평가와 개인 관심사를 연결하려는 상황입니다. 독서모임에 관심이 있지만 이걸 직업이나 활동 방향으로 삼아도 되는지 잘 모르겠습니다. 좋아하는 마음과 실제 진로 가능성을 어떻게 구분하면 좋을까요? 실패했을 때 어떻게 기록하면 좋을지도 궁금합니다.,1,2026-03-25T18:20:00
q_067,id_s_127,id_e_013,운동처방 활동을 생활기록부나 자기소개서에 쓰려면 어떤 깊이가 필요할까요?,중학교 동아리에서 작은 발표를 준비하는 상황입니다. 단순 체험으로 끝내지 않고 제 관심과 성장 과정이 보이게 만들고 싶습니다. 어떤 질문을 잡고 어떤 증거를 남겨야 의미 있는 활동이 될까요? 학생 수준에서 무리하지 않는 범위로 조언 부탁드립니다.,1,2026-03-26T03:20:00
q_068,id_s_138,id_e_020,해양생물학 분야를 잘하는 사람들은 초반에 무엇을 다르게 하나요?,학교 밖 커뮤니티나 온라인 모임 참여를 고민하는 상황입니다. 자료를 찾아보면 다들 결과가 좋아 보여서 더 어렵게 느껴집니다. 초반에 시행착오를 줄이는 습관이나 관찰 포인트가 있다면 알고 싶습니다. 나중에 다시 질문드릴 때 어떤 결과를 가져오면 좋을까요?,1,2026-03-26T12:20:00
q_069,id_s_149,id_e_027,게임방송 활동에서 팀장 역할을 맡게 됐는데 부담됩니다.,진로를 확정하기보다는 탐색 증거를 만들고 싶은 상황입니다. 제가 제안해서 시작한 활동이라 팀장을 맡게 됐습니다. 친구들이 편하게 참여하면서도 결과물을 남기려면 어떤 방식으로 운영해야 할까요? 제가 바로 해볼 수 있는 첫 단계를 구체적으로 알려주세요.,1,2026-03-26T21:20:00
q_070,id_s_160,id_e_034,"게임방송 분야와 관련된 책, 영상, 현장 경험 중 무엇부터 해야 할까요?","아직 결과물은 없지만 관련 자료를 모으기 시작한 상황입니다. 관심 분야를 넓히고 싶은데 책을 읽어야 할지, 영상을 봐야 할지, 직접 체험을 해야 할지 모르겠습니다. 순서를 정하는 기준이 궁금합니다. 실패했을 때 어떻게 기록하면 좋을지도 궁금합니다.",1,2026-03-27T06:20:00
q_071,id_s_171,id_e_041,지역축제 활동을 취미가 아니라 프로젝트처럼 발전시키고 싶습니다.,"친구 두 명과 방과 후 프로젝트를 시작하려는 상황입니다. 지금은 재미로만 하고 있는데, 조금 더 제대로 된 활동으로 만들어 보고 싶습니다. 주제 선정부터 결과 공유까지 어떤 흐름으로 잡으면 좋을까요? 학생 수준에서 무리하지 않는 범위로 조언 부탁드립니다.",1,2026-03-27T15:20:00
q_072,id_s_182,id_e_048,SF 독서 분야에서 흔히 하는 오해나 실수가 있을까요?,고등학교 수행평가와 개인 관심사를 연결하려는 상황입니다. 처음 시작하는 입장에서 겉으로 보이는 모습만 보고 판단할까 봐 걱정됩니다. 실제 현장이나 활동 경험에서 느낀 오해를 알려주시면 도움이 될 것 같습니다. 나중에 다시 질문드릴 때 어떤 결과를 가져오면 좋을까요?,1,2026-03-28T00:20:00
q_073,id_s_193,id_e_055,AI 활동을 처음 시작할 때 혼자 해볼 만한 일이 있을까요?,"중학교 동아리에서 작은 발표를 준비하는 상황입니다. 요즘 이 분야에 관심이 생겼는데, 주변에 같이 하는 친구가 많지 않습니다. 혼자 시작해도 의미 있는 활동과 한 달 안에 남길 수 있는 기록 방식이 궁금합니다. 제가 바로 해볼 수 있는 첫 단계를 구체적으로 알려주세요.",0,2026-03-28T09:20:00
q_074,id_s_204,id_e_062,지역축제 포트폴리오를 만들 때 보여줘야 하는 핵심이 뭘까요?,"학교 밖 커뮤니티나 온라인 모임 참여를 고민하는 상황입니다. 좋아한다는 말만으로는 부족할 것 같아서 작은 포트폴리오를 만들고 싶습니다. 완성작, 과정 기록, 피드백 중 무엇을 더 중요하게 봐야 할까요? 실패했을 때 어떻게 기록하면 좋을지도 궁금합니다.",1,2026-03-28T18:20:00
q_075,id_s_215,id_e_069,학교 수업에서 배운 내용을 영상제작 활동으로 연결하고 싶습니다.,"진로를 확정하기보다는 탐색 증거를 만들고 싶은 상황입니다. 수업 시간에 배운 내용이 재미있었는데, 이 활동과 연결하면 더 깊게 탐구할 수 있을 것 같습니다. 선생님께 제안할 만한 작은 프로젝트 형태가 있을까요? 학생 수준에서 무리하지 않는 범위로 조언 부탁드립니다.",1,2026-03-29T03:20:00
q_076,id_s_226,id_e_076,사진 분야에 관심은 있지만 실력이 부족해서 시작이 망설여집니다.,아직 결과물은 없지만 관련 자료를 모으기 시작한 상황입니다. 관심은 큰데 막상 해보면 결과물이 어설퍼서 금방 포기하게 됩니다. 초보자가 실력을 확인하면서도 지치지 않게 연습하는 방법을 알고 싶습니다. 나중에 다시 질문드릴 때 어떤 결과를 가져오면 좋을까요?,1,2026-03-29T12:20:00
q_077,id_s_237,id_e_083,영상제작 모임을 친구들과 운영한다면 어떤 규칙이 필요할까요?,친구 두 명과 방과 후 프로젝트를 시작하려는 상황입니다. 친구 몇 명과 영상제작 관련 활동을 해보려고 합니다. 처음에는 재미있게 시작해도 역할 분담이나 일정 때문에 흐지부지될까 봐 걱정됩니다. 제가 바로 해볼 수 있는 첫 단계를 구체적으로 알려주세요.,1,2026-03-29T21:20:00
q_078,id_s_248,id_e_090,웹툰 분야가 진로로 이어질 수 있는지 현실적으로 확인하고 싶습니다.,고등학교 수행평가와 개인 관심사를 연결하려는 상황입니다. 웹툰에 관심이 있지만 이걸 직업이나 활동 방향으로 삼아도 되는지 잘 모르겠습니다. 좋아하는 마음과 실제 진로 가능성을 어떻게 구분하면 좋을까요? 실패했을 때 어떻게 기록하면 좋을지도 궁금합니다.,1,2026-03-30T06:20:00
q_079,id_s_259,id_e_097,브랜딩 활동을 생활기록부나 자기소개서에 쓰려면 어떤 깊이가 필요할까요?,중학교 동아리에서 작은 발표를 준비하는 상황입니다. 단순 체험으로 끝내지 않고 제 관심과 성장 과정이 보이게 만들고 싶습니다. 어떤 질문을 잡고 어떤 증거를 남겨야 의미 있는 활동이 될까요? 학생 수준에서 무리하지 않는 범위로 조언 부탁드립니다.,1,2026-03-30T15:20:00
q_080,id_s_270,id_e_104,사회혁신 분야를 잘하는 사람들은 초반에 무엇을 다르게 하나요?,학교 밖 커뮤니티나 온라인 모임 참여를 고민하는 상황입니다. 자료를 찾아보면 다들 결과가 좋아 보여서 더 어렵게 느껴집니다. 초반에 시행착오를 줄이는 습관이나 관찰 포인트가 있다면 알고 싶습니다. 나중에 다시 질문드릴 때 어떤 결과를 가져오면 좋을까요?,1,2026-03-31T00:20:00
q_081,id_s_281,id_e_111,사진 활동에서 팀장 역할을 맡게 됐는데 부담됩니다.,진로를 확정하기보다는 탐색 증거를 만들고 싶은 상황입니다. 제가 제안해서 시작한 활동이라 팀장을 맡게 됐습니다. 친구들이 편하게 참여하면서도 결과물을 남기려면 어떤 방식으로 운영해야 할까요? 제가 바로 해볼 수 있는 첫 단계를 구체적으로 알려주세요.,1,2026-03-31T09:20:00
q_082,id_s_292,id_e_118,"의료기술 분야와 관련된 책, 영상, 현장 경험 중 무엇부터 해야 할까요?","아직 결과물은 없지만 관련 자료를 모으기 시작한 상황입니다. 관심 분야를 넓히고 싶은데 책을 읽어야 할지, 영상을 봐야 할지, 직접 체험을 해야 할지 모르겠습니다. 순서를 정하는 기준이 궁금합니다. 실패했을 때 어떻게 기록하면 좋을지도 궁금합니다.",0,2026-03-31T18:20:00
q_083,id_s_003,id_e_125,기후위기 활동을 취미가 아니라 프로젝트처럼 발전시키고 싶습니다.,"친구 두 명과 방과 후 프로젝트를 시작하려는 상황입니다. 지금은 재미로만 하고 있는데, 조금 더 제대로 된 활동으로 만들어 보고 싶습니다. 주제 선정부터 결과 공유까지 어떤 흐름으로 잡으면 좋을까요? 학생 수준에서 무리하지 않는 범위로 조언 부탁드립니다.",1,2026-04-01T03:20:00
q_084,id_s_014,id_e_132,도시농업 분야에서 흔히 하는 오해나 실수가 있을까요?,고등학교 수행평가와 개인 관심사를 연결하려는 상황입니다. 처음 시작하는 입장에서 겉으로 보이는 모습만 보고 판단할까 봐 걱정됩니다. 실제 현장이나 활동 경험에서 느낀 오해를 알려주시면 도움이 될 것 같습니다. 나중에 다시 질문드릴 때 어떤 결과를 가져오면 좋을까요?,1,2026-04-01T12:20:00
q_085,id_s_025,id_e_139,SF 독서 활동을 처음 시작할 때 혼자 해볼 만한 일이 있을까요?,"중학교 동아리에서 작은 발표를 준비하는 상황입니다. 요즘 이 분야에 관심이 생겼는데, 주변에 같이 하는 친구가 많지 않습니다. 혼자 시작해도 의미 있는 활동과 한 달 안에 남길 수 있는 기록 방식이 궁금합니다. 제가 바로 해볼 수 있는 첫 단계를 구체적으로 알려주세요.",1,2026-04-01T21:20:00
q_086,id_s_036,id_e_146,교육 포트폴리오를 만들 때 보여줘야 하는 핵심이 뭘까요?,"학교 밖 커뮤니티나 온라인 모임 참여를 고민하는 상황입니다. 좋아한다는 말만으로는 부족할 것 같아서 작은 포트폴리오를 만들고 싶습니다. 완성작, 과정 기록, 피드백 중 무엇을 더 중요하게 봐야 할까요? 실패했을 때 어떻게 기록하면 좋을지도 궁금합니다.",1,2026-04-02T06:20:00
q_087,id_s_047,id_e_003,학교 수업에서 배운 내용을 사진 활동으로 연결하고 싶습니다.,"진로를 확정하기보다는 탐색 증거를 만들고 싶은 상황입니다. 수업 시간에 배운 내용이 재미있었는데, 이 활동과 연결하면 더 깊게 탐구할 수 있을 것 같습니다. 선생님께 제안할 만한 작은 프로젝트 형태가 있을까요? 학생 수준에서 무리하지 않는 범위로 조언 부탁드립니다.",1,2026-04-02T15:20:00
q_088,id_s_058,id_e_010,의료기술 분야에 관심은 있지만 실력이 부족해서 시작이 망설여집니다.,아직 결과물은 없지만 관련 자료를 모으기 시작한 상황입니다. 관심은 큰데 막상 해보면 결과물이 어설퍼서 금방 포기하게 됩니다. 초보자가 실력을 확인하면서도 지치지 않게 연습하는 방법을 알고 싶습니다. 나중에 다시 질문드릴 때 어떤 결과를 가져오면 좋을까요?,1,2026-04-03T00:20:00
q_089,id_s_069,id_e_017,기후위기 모임을 친구들과 운영한다면 어떤 규칙이 필요할까요?,친구 두 명과 방과 후 프로젝트를 시작하려는 상황입니다. 친구 몇 명과 기후위기 관련 활동을 해보려고 합니다. 처음에는 재미있게 시작해도 역할 분담이나 일정 때문에 흐지부지될까 봐 걱정됩니다. 제가 바로 해볼 수 있는 첫 단계를 구체적으로 알려주세요.,1,2026-04-03T09:20:00
q_090,id_s_080,id_e_024,도시농업 분야가 진로로 이어질 수 있는지 현실적으로 확인하고 싶습니다.,고등학교 수행평가와 개인 관심사를 연결하려는 상황입니다. 도시농업에 관심이 있지만 이걸 직업이나 활동 방향으로 삼아도 되는지 잘 모르겠습니다. 좋아하는 마음과 실제 진로 가능성을 어떻게 구분하면 좋을까요? 실패했을 때 어떻게 기록하면 좋을지도 궁금합니다.,1,2026-04-03T18:20:00
q_091,id_s_091,id_e_031,SF 독서 활동을 생활기록부나 자기소개서에 쓰려면 어떤 깊이가 필요할까요?,중학교 동아리에서 작은 발표를 준비하는 상황입니다. 단순 체험으로 끝내지 않고 제 관심과 성장 과정이 보이게 만들고 싶습니다. 어떤 질문을 잡고 어떤 증거를 남겨야 의미 있는 활동이 될까요? 학생 수준에서 무리하지 않는 범위로 조언 부탁드립니다.,0,2026-04-04T03:20:00
q_092,id_s_102,id_e_038,교육 분야를 잘하는 사람들은 초반에 무엇을 다르게 하나요?,학교 밖 커뮤니티나 온라인 모임 참여를 고민하는 상황입니다. 자료를 찾아보면 다들 결과가 좋아 보여서 더 어렵게 느껴집니다. 초반에 시행착오를 줄이는 습관이나 관찰 포인트가 있다면 알고 싶습니다. 나중에 다시 질문드릴 때 어떤 결과를 가져오면 좋을까요?,1,2026-04-04T12:20:00
q_093,id_s_113,id_e_045,환경보호 활동에서 팀장 역할을 맡게 됐는데 부담됩니다.,진로를 확정하기보다는 탐색 증거를 만들고 싶은 상황입니다. 제가 제안해서 시작한 활동이라 팀장을 맡게 됐습니다. 친구들이 편하게 참여하면서도 결과물을 남기려면 어떤 방식으로 운영해야 할까요? 제가 바로 해볼 수 있는 첫 단계를 구체적으로 알려주세요.,1,2026-04-04T21:20:00
q_094,id_s_124,id_e_052,"카페운영 분야와 관련된 책, 영상, 현장 경험 중 무엇부터 해야 할까요?","아직 결과물은 없지만 관련 자료를 모으기 시작한 상황입니다. 관심 분야를 넓히고 싶은데 책을 읽어야 할지, 영상을 봐야 할지, 직접 체험을 해야 할지 모르겠습니다. 순서를 정하는 기준이 궁금합니다. 실패했을 때 어떻게 기록하면 좋을지도 궁금합니다.",1,2026-04-05T06:20:00
q_095,id_s_135,id_e_059,양자역학 활동을 취미가 아니라 프로젝트처럼 발전시키고 싶습니다.,"친구 두 명과 방과 후 프로젝트를 시작하려는 상황입니다. 지금은 재미로만 하고 있는데, 조금 더 제대로 된 활동으로 만들어 보고 싶습니다. 주제 선정부터 결과 공유까지 어떤 흐름으로 잡으면 좋을까요? 학생 수준에서 무리하지 않는 범위로 조언 부탁드립니다.",1,2026-04-05T15:20:00
q_096,id_s_146,id_e_066,운동처방 분야에서 흔히 하는 오해나 실수가 있을까요?,고등학교 수행평가와 개인 관심사를 연결하려는 상황입니다. 처음 시작하는 입장에서 겉으로 보이는 모습만 보고 판단할까 봐 걱정됩니다. 실제 현장이나 활동 경험에서 느낀 오해를 알려주시면 도움이 될 것 같습니다. 나중에 다시 질문드릴 때 어떤 결과를 가져오면 좋을까요?,1,2026-04-06T00:20:00
q_097,id_s_157,id_e_073,도시농업 활동을 처음 시작할 때 혼자 해볼 만한 일이 있을까요?,"중학교 동아리에서 작은 발표를 준비하는 상황입니다. 요즘 이 분야에 관심이 생겼는데, 주변에 같이 하는 친구가 많지 않습니다. 혼자 시작해도 의미 있는 활동과 한 달 안에 남길 수 있는 기록 방식이 궁금합니다. 제가 바로 해볼 수 있는 첫 단계를 구체적으로 알려주세요.",1,2026-04-06T09:20:00
q_098,id_s_168,id_e_080,웹툰 포트폴리오를 만들 때 보여줘야 하는 핵심이 뭘까요?,"학교 밖 커뮤니티나 온라인 모임 참여를 고민하는 상황입니다. 좋아한다는 말만으로는 부족할 것 같아서 작은 포트폴리오를 만들고 싶습니다. 완성작, 과정 기록, 피드백 중 무엇을 더 중요하게 봐야 할까요? 실패했을 때 어떻게 기록하면 좋을지도 궁금합니다.",1,2026-04-06T18:20:00
q_099,id_s_179,id_e_087,학교 수업에서 배운 내용을 의료기술 활동으로 연결하고 싶습니다.,"진로를 확정하기보다는 탐색 증거를 만들고 싶은 상황입니다. 수업 시간에 배운 내용이 재미있었는데, 이 활동과 연결하면 더 깊게 탐구할 수 있을 것 같습니다. 선생님께 제안할 만한 작은 프로젝트 형태가 있을까요? 학생 수준에서 무리하지 않는 범위로 조언 부탁드립니다.",1,2026-04-07T03:20:00
q_100,id_s_190,id_e_094,소셜모임운영 분야에 관심은 있지만 실력이 부족해서 시작이 망설여집니다.,아직 결과물은 없지만 관련 자료를 모으기 시작한 상황입니다. 관심은 큰데 막상 해보면 결과물이 어설퍼서 금방 포기하게 됩니다. 초보자가 실력을 확인하면서도 지치지 않게 연습하는 방법을 알고 싶습니다. 나중에 다시 질문드릴 때 어떤 결과를 가져오면 좋을까요?,0,2026-04-07T12:20:00
q_101,id_s_201,id_e_101,NGO활동 모임을 친구들과 운영한다면 어떤 규칙이 필요할까요?,친구 두 명과 방과 후 프로젝트를 시작하려는 상황입니다. 친구 몇 명과 NGO활동 관련 활동을 해보려고 합니다. 처음에는 재미있게 시작해도 역할 분담이나 일정 때문에 흐지부지될까 봐 걱정됩니다. 제가 바로 해볼 수 있는 첫 단계를 구체적으로 알려주세요.,1,2026-04-07T21:20:00
q_102,id_s_212,id_e_108,드론 분야가 진로로 이어질 수 있는지 현실적으로 확인하고 싶습니다.,고등학교 수행평가와 개인 관심사를 연결하려는 상황입니다. 드론에 관심이 있지만 이걸 직업이나 활동 방향으로 삼아도 되는지 잘 모르겠습니다. 좋아하는 마음과 실제 진로 가능성을 어떻게 구분하면 좋을까요? 실패했을 때 어떻게 기록하면 좋을지도 궁금합니다.,1,2026-04-08T06:20:00
q_103,id_s_223,id_e_115,드론 활동을 생활기록부나 자기소개서에 쓰려면 어떤 깊이가 필요할까요?,중학교 동아리에서 작은 발표를 준비하는 상황입니다. 단순 체험으로 끝내지 않고 제 관심과 성장 과정이 보이게 만들고 싶습니다. 어떤 질문을 잡고 어떤 증거를 남겨야 의미 있는 활동이 될까요? 학생 수준에서 무리하지 않는 범위로 조언 부탁드립니다.,1,2026-04-08T15:20:00
q_104,id_s_234,id_e_122,응급처치 분야를 잘하는 사람들은 초반에 무엇을 다르게 하나요?,학교 밖 커뮤니티나 온라인 모임 참여를 고민하는 상황입니다. 자료를 찾아보면 다들 결과가 좋아 보여서 더 어렵게 느껴집니다. 초반에 시행착오를 줄이는 습관이나 관찰 포인트가 있다면 알고 싶습니다. 나중에 다시 질문드릴 때 어떤 결과를 가져오면 좋을까요?,1,2026-04-09T00:20:00
q_105,id_s_245,id_e_129,수학 활동에서 팀장 역할을 맡게 됐는데 부담됩니다.,진로를 확정하기보다는 탐색 증거를 만들고 싶은 상황입니다. 제가 제안해서 시작한 활동이라 팀장을 맡게 됐습니다. 친구들이 편하게 참여하면서도 결과물을 남기려면 어떤 방식으로 운영해야 할까요? 제가 바로 해볼 수 있는 첫 단계를 구체적으로 알려주세요.,1,2026-04-09T09:20:00
q_106,id_s_256,id_e_136,"영상제작 분야와 관련된 책, 영상, 현장 경험 중 무엇부터 해야 할까요?","아직 결과물은 없지만 관련 자료를 모으기 시작한 상황입니다. 관심 분야를 넓히고 싶은데 책을 읽어야 할지, 영상을 봐야 할지, 직접 체험을 해야 할지 모르겠습니다. 순서를 정하는 기준이 궁금합니다. 실패했을 때 어떻게 기록하면 좋을지도 궁금합니다.",1,2026-04-09T18:20:00
q_107,id_s_267,id_e_143,교육 활동을 취미가 아니라 프로젝트처럼 발전시키고 싶습니다.,"친구 두 명과 방과 후 프로젝트를 시작하려는 상황입니다. 지금은 재미로만 하고 있는데, 조금 더 제대로 된 활동으로 만들어 보고 싶습니다. 주제 선정부터 결과 공유까지 어떤 흐름으로 잡으면 좋을까요? 학생 수준에서 무리하지 않는 범위로 조언 부탁드립니다.",1,2026-04-10T03:20:00
q_108,id_s_278,id_e_150,AI 분야에서 흔히 하는 오해나 실수가 있을까요?,고등학교 수행평가와 개인 관심사를 연결하려는 상황입니다. 처음 시작하는 입장에서 겉으로 보이는 모습만 보고 판단할까 봐 걱정됩니다. 실제 현장이나 활동 경험에서 느낀 오해를 알려주시면 도움이 될 것 같습니다. 나중에 다시 질문드릴 때 어떤 결과를 가져오면 좋을까요?,1,2026-04-10T12:20:00
q_109,id_s_289,id_e_007,드론 활동을 처음 시작할 때 혼자 해볼 만한 일이 있을까요?,"중학교 동아리에서 작은 발표를 준비하는 상황입니다. 요즘 이 분야에 관심이 생겼는데, 주변에 같이 하는 친구가 많지 않습니다. 혼자 시작해도 의미 있는 활동과 한 달 안에 남길 수 있는 기록 방식이 궁금합니다. 제가 바로 해볼 수 있는 첫 단계를 구체적으로 알려주세요.",0,2026-04-10T21:20:00
q_110,id_s_300,id_e_014,응급처치 포트폴리오를 만들 때 보여줘야 하는 핵심이 뭘까요?,"학교 밖 커뮤니티나 온라인 모임 참여를 고민하는 상황입니다. 좋아한다는 말만으로는 부족할 것 같아서 작은 포트폴리오를 만들고 싶습니다. 완성작, 과정 기록, 피드백 중 무엇을 더 중요하게 봐야 할까요? 실패했을 때 어떻게 기록하면 좋을지도 궁금합니다.",1,2026-04-11T06:20:00
q_111,id_s_011,id_e_021,학교 수업에서 배운 내용을 수학 활동으로 연결하고 싶습니다.,"진로를 확정하기보다는 탐색 증거를 만들고 싶은 상황입니다. 수업 시간에 배운 내용이 재미있었는데, 이 활동과 연결하면 더 깊게 탐구할 수 있을 것 같습니다. 선생님께 제안할 만한 작은 프로젝트 형태가 있을까요? 학생 수준에서 무리하지 않는 범위로 조언 부탁드립니다.",1,2026-04-11T15:20:00
q_112,id_s_022,id_e_028,영상제작 분야에 관심은 있지만 실력이 부족해서 시작이 망설여집니다.,아직 결과물은 없지만 관련 자료를 모으기 시작한 상황입니다. 관심은 큰데 막상 해보면 결과물이 어설퍼서 금방 포기하게 됩니다. 초보자가 실력을 확인하면서도 지치지 않게 연습하는 방법을 알고 싶습니다. 나중에 다시 질문드릴 때 어떤 결과를 가져오면 좋을까요?,1,2026-04-12T00:20:00
q_113,id_s_033,id_e_035,교육 모임을 친구들과 운영한다면 어떤 규칙이 필요할까요?,친구 두 명과 방과 후 프로젝트를 시작하려는 상황입니다. 친구 몇 명과 교육 관련 활동을 해보려고 합니다. 처음에는 재미있게 시작해도 역할 분담이나 일정 때문에 흐지부지될까 봐 걱정됩니다. 제가 바로 해볼 수 있는 첫 단계를 구체적으로 알려주세요.,1,2026-04-12T09:20:00
q_114,id_s_044,id_e_042,AI 분야가 진로로 이어질 수 있는지 현실적으로 확인하고 싶습니다.,고등학교 수행평가와 개인 관심사를 연결하려는 상황입니다. AI에 관심이 있지만 이걸 직업이나 활동 방향으로 삼아도 되는지 잘 모르겠습니다. 좋아하는 마음과 실제 진로 가능성을 어떻게 구분하면 좋을까요? 실패했을 때 어떻게 기록하면 좋을지도 궁금합니다.,1,2026-04-12T18:20:00
q_115,id_s_055,id_e_049,반려동물커뮤니티 활동을 생활기록부나 자기소개서에 쓰려면 어떤 깊이가 필요할까요?,중학교 동아리에서 작은 발표를 준비하는 상황입니다. 단순 체험으로 끝내지 않고 제 관심과 성장 과정이 보이게 만들고 싶습니다. 어떤 질문을 잡고 어떤 증거를 남겨야 의미 있는 활동이 될까요? 학생 수준에서 무리하지 않는 범위로 조언 부탁드립니다.,1,2026-04-13T03:20:00
q_116,id_s_066,id_e_056,재생에너지 분야를 잘하는 사람들은 초반에 무엇을 다르게 하나요?,학교 밖 커뮤니티나 온라인 모임 참여를 고민하는 상황입니다. 자료를 찾아보면 다들 결과가 좋아 보여서 더 어렵게 느껴집니다. 초반에 시행착오를 줄이는 습관이나 관찰 포인트가 있다면 알고 싶습니다. 나중에 다시 질문드릴 때 어떤 결과를 가져오면 좋을까요?,1,2026-04-13T12:20:00
q_117,id_s_077,id_e_063,카페운영 활동에서 팀장 역할을 맡게 됐는데 부담됩니다.,진로를 확정하기보다는 탐색 증거를 만들고 싶은 상황입니다. 제가 제안해서 시작한 활동이라 팀장을 맡게 됐습니다. 친구들이 편하게 참여하면서도 결과물을 남기려면 어떤 방식으로 운영해야 할까요? 제가 바로 해볼 수 있는 첫 단계를 구체적으로 알려주세요.,1,2026-04-13T21:20:00
q_118,id_s_088,id_e_070,"환경보호 분야와 관련된 책, 영상, 현장 경험 중 무엇부터 해야 할까요?","아직 결과물은 없지만 관련 자료를 모으기 시작한 상황입니다. 관심 분야를 넓히고 싶은데 책을 읽어야 할지, 영상을 봐야 할지, 직접 체험을 해야 할지 모르겠습니다. 순서를 정하는 기준이 궁금합니다. 실패했을 때 어떻게 기록하면 좋을지도 궁금합니다.",0,2026-04-14T06:20:00
q_119,id_s_099,id_e_077,사진 활동을 취미가 아니라 프로젝트처럼 발전시키고 싶습니다.,"친구 두 명과 방과 후 프로젝트를 시작하려는 상황입니다. 지금은 재미로만 하고 있는데, 조금 더 제대로 된 활동으로 만들어 보고 싶습니다. 주제 선정부터 결과 공유까지 어떤 흐름으로 잡으면 좋을까요? 학생 수준에서 무리하지 않는 범위로 조언 부탁드립니다.",1,2026-04-14T15:20:00
q_120,id_s_110,id_e_084,반려동물커뮤니티 분야에서 흔히 하는 오해나 실수가 있을까요?,고등학교 수행평가와 개인 관심사를 연결하려는 상황입니다. 처음 시작하는 입장에서 겉으로 보이는 모습만 보고 판단할까 봐 걱정됩니다. 실제 현장이나 활동 경험에서 느낀 오해를 알려주시면 도움이 될 것 같습니다. 나중에 다시 질문드릴 때 어떤 결과를 가져오면 좋을까요?,1,2026-04-15T00:20:00
q_121,id_s_121,id_e_091,독서모임 활동을 처음 시작할 때 혼자 해볼 만한 일이 있을까요?,"중학교 동아리에서 작은 발표를 준비하는 상황입니다. 요즘 이 분야에 관심이 생겼는데, 주변에 같이 하는 친구가 많지 않습니다. 혼자 시작해도 의미 있는 활동과 한 달 안에 남길 수 있는 기록 방식이 궁금합니다. 제가 바로 해볼 수 있는 첫 단계를 구체적으로 알려주세요.",1,2026-04-15T09:20:00
q_122,id_s_132,id_e_098,사회혁신 포트폴리오를 만들 때 보여줘야 하는 핵심이 뭘까요?,"학교 밖 커뮤니티나 온라인 모임 참여를 고민하는 상황입니다. 좋아한다는 말만으로는 부족할 것 같아서 작은 포트폴리오를 만들고 싶습니다. 완성작, 과정 기록, 피드백 중 무엇을 더 중요하게 봐야 할까요? 실패했을 때 어떻게 기록하면 좋을지도 궁금합니다.",1,2026-04-15T18:20:00
q_123,id_s_143,id_e_105,학교 수업에서 배운 내용을 식품개발 활동으로 연결하고 싶습니다.,"진로를 확정하기보다는 탐색 증거를 만들고 싶은 상황입니다. 수업 시간에 배운 내용이 재미있었는데, 이 활동과 연결하면 더 깊게 탐구할 수 있을 것 같습니다. 선생님께 제안할 만한 작은 프로젝트 형태가 있을까요? 학생 수준에서 무리하지 않는 범위로 조언 부탁드립니다.",1,2026-04-16T03:20:00
q_124,id_s_154,id_e_112,수학 분야에 관심은 있지만 실력이 부족해서 시작이 망설여집니다.,아직 결과물은 없지만 관련 자료를 모으기 시작한 상황입니다. 관심은 큰데 막상 해보면 결과물이 어설퍼서 금방 포기하게 됩니다. 초보자가 실력을 확인하면서도 지치지 않게 연습하는 방법을 알고 싶습니다. 나중에 다시 질문드릴 때 어떤 결과를 가져오면 좋을까요?,1,2026-04-16T12:20:00
q_125,id_s_165,id_e_119,바이오 모임을 친구들과 운영한다면 어떤 규칙이 필요할까요?,친구 두 명과 방과 후 프로젝트를 시작하려는 상황입니다. 친구 몇 명과 바이오 관련 활동을 해보려고 합니다. 처음에는 재미있게 시작해도 역할 분담이나 일정 때문에 흐지부지될까 봐 걱정됩니다. 제가 바로 해볼 수 있는 첫 단계를 구체적으로 알려주세요.,1,2026-04-16T21:20:00
q_126,id_s_176,id_e_126,브랜딩 분야가 진로로 이어질 수 있는지 현실적으로 확인하고 싶습니다.,고등학교 수행평가와 개인 관심사를 연결하려는 상황입니다. 브랜딩에 관심이 있지만 이걸 직업이나 활동 방향으로 삼아도 되는지 잘 모르겠습니다. 좋아하는 마음과 실제 진로 가능성을 어떻게 구분하면 좋을까요? 실패했을 때 어떻게 기록하면 좋을지도 궁금합니다.,1,2026-04-17T06:20:00
q_127,id_s_187,id_e_133,웹툰 활동을 생활기록부나 자기소개서에 쓰려면 어떤 깊이가 필요할까요?,중학교 동아리에서 작은 발표를 준비하는 상황입니다. 단순 체험으로 끝내지 않고 제 관심과 성장 과정이 보이게 만들고 싶습니다. 어떤 질문을 잡고 어떤 증거를 남겨야 의미 있는 활동이 될까요? 학생 수준에서 무리하지 않는 범위로 조언 부탁드립니다.,0,2026-04-17T15:20:00
q_128,id_s_198,id_e_140,글쓰기 분야를 잘하는 사람들은 초반에 무엇을 다르게 하나요?,학교 밖 커뮤니티나 온라인 모임 참여를 고민하는 상황입니다. 자료를 찾아보면 다들 결과가 좋아 보여서 더 어렵게 느껴집니다. 초반에 시행착오를 줄이는 습관이나 관찰 포인트가 있다면 알고 싶습니다. 나중에 다시 질문드릴 때 어떤 결과를 가져오면 좋을까요?,1,2026-04-18T00:20:00
q_129,id_s_209,id_e_147,멘토링 활동에서 팀장 역할을 맡게 됐는데 부담됩니다.,진로를 확정하기보다는 탐색 증거를 만들고 싶은 상황입니다. 제가 제안해서 시작한 활동이라 팀장을 맡게 됐습니다. 친구들이 편하게 참여하면서도 결과물을 남기려면 어떤 방식으로 운영해야 할까요? 제가 바로 해볼 수 있는 첫 단계를 구체적으로 알려주세요.,1,2026-04-18T09:20:00
q_130,id_s_220,id_e_004,"수학 분야와 관련된 책, 영상, 현장 경험 중 무엇부터 해야 할까요?","아직 결과물은 없지만 관련 자료를 모으기 시작한 상황입니다. 관심 분야를 넓히고 싶은데 책을 읽어야 할지, 영상을 봐야 할지, 직접 체험을 해야 할지 모르겠습니다. 순서를 정하는 기준이 궁금합니다. 실패했을 때 어떻게 기록하면 좋을지도 궁금합니다.",1,2026-04-18T18:20:00
q_131,id_s_231,id_e_011,바이오 활동을 취미가 아니라 프로젝트처럼 발전시키고 싶습니다.,"친구 두 명과 방과 후 프로젝트를 시작하려는 상황입니다. 지금은 재미로만 하고 있는데, 조금 더 제대로 된 활동으로 만들어 보고 싶습니다. 주제 선정부터 결과 공유까지 어떤 흐름으로 잡으면 좋을까요? 학생 수준에서 무리하지 않는 범위로 조언 부탁드립니다.",1,2026-04-19T03:20:00
q_132,id_s_242,id_e_018,브랜딩 분야에서 흔히 하는 오해나 실수가 있을까요?,고등학교 수행평가와 개인 관심사를 연결하려는 상황입니다. 처음 시작하는 입장에서 겉으로 보이는 모습만 보고 판단할까 봐 걱정됩니다. 실제 현장이나 활동 경험에서 느낀 오해를 알려주시면 도움이 될 것 같습니다. 나중에 다시 질문드릴 때 어떤 결과를 가져오면 좋을까요?,1,2026-04-19T12:20:00
q_133,id_s_253,id_e_025,웹툰 활동을 처음 시작할 때 혼자 해볼 만한 일이 있을까요?,"중학교 동아리에서 작은 발표를 준비하는 상황입니다. 요즘 이 분야에 관심이 생겼는데, 주변에 같이 하는 친구가 많지 않습니다. 혼자 시작해도 의미 있는 활동과 한 달 안에 남길 수 있는 기록 방식이 궁금합니다. 제가 바로 해볼 수 있는 첫 단계를 구체적으로 알려주세요.",1,2026-04-19T21:20:00
q_134,id_s_264,id_e_032,숏폼콘텐츠 포트폴리오를 만들 때 보여줘야 하는 핵심이 뭘까요?,"학교 밖 커뮤니티나 온라인 모임 참여를 고민하는 상황입니다. 좋아한다는 말만으로는 부족할 것 같아서 작은 포트폴리오를 만들고 싶습니다. 완성작, 과정 기록, 피드백 중 무엇을 더 중요하게 봐야 할까요? 실패했을 때 어떻게 기록하면 좋을지도 궁금합니다.",1,2026-04-20T06:20:00
q_135,id_s_275,id_e_039,학교 수업에서 배운 내용을 멘토링 활동으로 연결하고 싶습니다.,"진로를 확정하기보다는 탐색 증거를 만들고 싶은 상황입니다. 수업 시간에 배운 내용이 재미있었는데, 이 활동과 연결하면 더 깊게 탐구할 수 있을 것 같습니다. 선생님께 제안할 만한 작은 프로젝트 형태가 있을까요? 학생 수준에서 무리하지 않는 범위로 조언 부탁드립니다.",1,2026-04-20T15:20:00
q_136,id_s_286,id_e_046,아이돌팬클럽 분야에 관심은 있지만 실력이 부족해서 시작이 망설여집니다.,아직 결과물은 없지만 관련 자료를 모으기 시작한 상황입니다. 관심은 큰데 막상 해보면 결과물이 어설퍼서 금방 포기하게 됩니다. 초보자가 실력을 확인하면서도 지치지 않게 연습하는 방법을 알고 싶습니다. 나중에 다시 질문드릴 때 어떤 결과를 가져오면 좋을까요?,0,2026-04-21T00:20:00
q_137,id_s_297,id_e_053,로컬푸드 모임을 친구들과 운영한다면 어떤 규칙이 필요할까요?,친구 두 명과 방과 후 프로젝트를 시작하려는 상황입니다. 친구 몇 명과 로컬푸드 관련 활동을 해보려고 합니다. 처음에는 재미있게 시작해도 역할 분담이나 일정 때문에 흐지부지될까 봐 걱정됩니다. 제가 바로 해볼 수 있는 첫 단계를 구체적으로 알려주세요.,1,2026-04-21T09:20:00
q_138,id_s_008,id_e_060,독서모임 분야가 진로로 이어질 수 있는지 현실적으로 확인하고 싶습니다.,고등학교 수행평가와 개인 관심사를 연결하려는 상황입니다. 독서모임에 관심이 있지만 이걸 직업이나 활동 방향으로 삼아도 되는지 잘 모르겠습니다. 좋아하는 마음과 실제 진로 가능성을 어떻게 구분하면 좋을까요? 실패했을 때 어떻게 기록하면 좋을지도 궁금합니다.,1,2026-04-21T18:20:00
q_139,id_s_019,id_e_067,운동처방 활동을 생활기록부나 자기소개서에 쓰려면 어떤 깊이가 필요할까요?,중학교 동아리에서 작은 발표를 준비하는 상황입니다. 단순 체험으로 끝내지 않고 제 관심과 성장 과정이 보이게 만들고 싶습니다. 어떤 질문을 잡고 어떤 증거를 남겨야 의미 있는 활동이 될까요? 학생 수준에서 무리하지 않는 범위로 조언 부탁드립니다.,1,2026-04-22T03:20:00
q_140,id_s_030,id_e_074,해양생물학 분야를 잘하는 사람들은 초반에 무엇을 다르게 하나요?,학교 밖 커뮤니티나 온라인 모임 참여를 고민하는 상황입니다. 자료를 찾아보면 다들 결과가 좋아 보여서 더 어렵게 느껴집니다. 초반에 시행착오를 줄이는 습관이나 관찰 포인트가 있다면 알고 싶습니다. 나중에 다시 질문드릴 때 어떤 결과를 가져오면 좋을까요?,1,2026-04-22T12:20:00
q_141,id_s_041,id_e_081,게임방송 활동에서 팀장 역할을 맡게 됐는데 부담됩니다.,진로를 확정하기보다는 탐색 증거를 만들고 싶은 상황입니다. 제가 제안해서 시작한 활동이라 팀장을 맡게 됐습니다. 친구들이 편하게 참여하면서도 결과물을 남기려면 어떤 방식으로 운영해야 할까요? 제가 바로 해볼 수 있는 첫 단계를 구체적으로 알려주세요.,1,2026-04-22T21:20:00
q_142,id_s_052,id_e_088,"게임방송 분야와 관련된 책, 영상, 현장 경험 중 무엇부터 해야 할까요?","아직 결과물은 없지만 관련 자료를 모으기 시작한 상황입니다. 관심 분야를 넓히고 싶은데 책을 읽어야 할지, 영상을 봐야 할지, 직접 체험을 해야 할지 모르겠습니다. 순서를 정하는 기준이 궁금합니다. 실패했을 때 어떻게 기록하면 좋을지도 궁금합니다.",1,2026-04-23T06:20:00
q_143,id_s_063,id_e_095,지역축제 활동을 취미가 아니라 프로젝트처럼 발전시키고 싶습니다.,"친구 두 명과 방과 후 프로젝트를 시작하려는 상황입니다. 지금은 재미로만 하고 있는데, 조금 더 제대로 된 활동으로 만들어 보고 싶습니다. 주제 선정부터 결과 공유까지 어떤 흐름으로 잡으면 좋을까요? 학생 수준에서 무리하지 않는 범위로 조언 부탁드립니다.",1,2026-04-23T15:20:00
q_144,id_s_074,id_e_102,SF 독서 분야에서 흔히 하는 오해나 실수가 있을까요?,고등학교 수행평가와 개인 관심사를 연결하려는 상황입니다. 처음 시작하는 입장에서 겉으로 보이는 모습만 보고 판단할까 봐 걱정됩니다. 실제 현장이나 활동 경험에서 느낀 오해를 알려주시면 도움이 될 것 같습니다. 나중에 다시 질문드릴 때 어떤 결과를 가져오면 좋을까요?,1,2026-04-24T00:20:00
q_145,id_s_085,id_e_109,AI 활동을 처음 시작할 때 혼자 해볼 만한 일이 있을까요?,"중학교 동아리에서 작은 발표를 준비하는 상황입니다. 요즘 이 분야에 관심이 생겼는데, 주변에 같이 하는 친구가 많지 않습니다. 혼자 시작해도 의미 있는 활동과 한 달 안에 남길 수 있는 기록 방식이 궁금합니다. 제가 바로 해볼 수 있는 첫 단계를 구체적으로 알려주세요.",0,2026-04-24T09:20:00
q_146,id_s_096,id_e_116,코딩교육 포트폴리오를 만들 때 보여줘야 하는 핵심이 뭘까요?,"학교 밖 커뮤니티나 온라인 모임 참여를 고민하는 상황입니다. 좋아한다는 말만으로는 부족할 것 같아서 작은 포트폴리오를 만들고 싶습니다. 완성작, 과정 기록, 피드백 중 무엇을 더 중요하게 봐야 할까요? 실패했을 때 어떻게 기록하면 좋을지도 궁금합니다.",1,2026-04-24T18:20:00
q_147,id_s_107,id_e_123,학교 수업에서 배운 내용을 영상제작 활동으로 연결하고 싶습니다.,"진로를 확정하기보다는 탐색 증거를 만들고 싶은 상황입니다. 수업 시간에 배운 내용이 재미있었는데, 이 활동과 연결하면 더 깊게 탐구할 수 있을 것 같습니다. 선생님께 제안할 만한 작은 프로젝트 형태가 있을까요? 학생 수준에서 무리하지 않는 범위로 조언 부탁드립니다.",1,2026-04-25T03:20:00
q_148,id_s_118,id_e_130,사진 분야에 관심은 있지만 실력이 부족해서 시작이 망설여집니다.,아직 결과물은 없지만 관련 자료를 모으기 시작한 상황입니다. 관심은 큰데 막상 해보면 결과물이 어설퍼서 금방 포기하게 됩니다. 초보자가 실력을 확인하면서도 지치지 않게 연습하는 방법을 알고 싶습니다. 나중에 다시 질문드릴 때 어떤 결과를 가져오면 좋을까요?,1,2026-04-25T12:20:00
q_149,id_s_129,id_e_137,숏폼콘텐츠 모임을 친구들과 운영한다면 어떤 규칙이 필요할까요?,친구 두 명과 방과 후 프로젝트를 시작하려는 상황입니다. 친구 몇 명과 숏폼콘텐츠 관련 활동을 해보려고 합니다. 처음에는 재미있게 시작해도 역할 분담이나 일정 때문에 흐지부지될까 봐 걱정됩니다. 제가 바로 해볼 수 있는 첫 단계를 구체적으로 알려주세요.,1,2026-04-25T21:20:00
q_150,id_s_140,id_e_144,웹툰 분야가 진로로 이어질 수 있는지 현실적으로 확인하고 싶습니다.,고등학교 수행평가와 개인 관심사를 연결하려는 상황입니다. 웹툰에 관심이 있지만 이걸 직업이나 활동 방향으로 삼아도 되는지 잘 모르겠습니다. 좋아하는 마음과 실제 진로 가능성을 어떻게 구분하면 좋을까요? 실패했을 때 어떻게 기록하면 좋을지도 궁금합니다.,1,2026-04-26T06:20:00
q_151,id_s_151,id_e_001,AI 활동을 생활기록부나 자기소개서에 쓰려면 어떤 깊이가 필요할까요?,중학교 동아리에서 작은 발표를 준비하는 상황입니다. 단순 체험으로 끝내지 않고 제 관심과 성장 과정이 보이게 만들고 싶습니다. 어떤 질문을 잡고 어떤 증거를 남겨야 의미 있는 활동이 될까요? 학생 수준에서 무리하지 않는 범위로 조언 부탁드립니다.,1,2026-04-26T15:20:00
q_152,id_s_162,id_e_008,데이터 분석 분야를 잘하는 사람들은 초반에 무엇을 다르게 하나요?,학교 밖 커뮤니티나 온라인 모임 참여를 고민하는 상황입니다. 자료를 찾아보면 다들 결과가 좋아 보여서 더 어렵게 느껴집니다. 초반에 시행착오를 줄이는 습관이나 관찰 포인트가 있다면 알고 싶습니다. 나중에 다시 질문드릴 때 어떤 결과를 가져오면 좋을까요?,1,2026-04-27T00:20:00
q_153,id_s_173,id_e_015,영상제작 활동에서 팀장 역할을 맡게 됐는데 부담됩니다.,진로를 확정하기보다는 탐색 증거를 만들고 싶은 상황입니다. 제가 제안해서 시작한 활동이라 팀장을 맡게 됐습니다. 친구들이 편하게 참여하면서도 결과물을 남기려면 어떤 방식으로 운영해야 할까요? 제가 바로 해볼 수 있는 첫 단계를 구체적으로 알려주세요.,1,2026-04-27T09:20:00
q_154,id_s_184,id_e_022,"사진 분야와 관련된 책, 영상, 현장 경험 중 무엇부터 해야 할까요?","아직 결과물은 없지만 관련 자료를 모으기 시작한 상황입니다. 관심 분야를 넓히고 싶은데 책을 읽어야 할지, 영상을 봐야 할지, 직접 체험을 해야 할지 모르겠습니다. 순서를 정하는 기준이 궁금합니다. 실패했을 때 어떻게 기록하면 좋을지도 궁금합니다.",0,2026-04-27T18:20:00
q_155,id_s_195,id_e_029,저널리즘 활동을 취미가 아니라 프로젝트처럼 발전시키고 싶습니다.,"친구 두 명과 방과 후 프로젝트를 시작하려는 상황입니다. 지금은 재미로만 하고 있는데, 조금 더 제대로 된 활동으로 만들어 보고 싶습니다. 주제 선정부터 결과 공유까지 어떤 흐름으로 잡으면 좋을까요? 학생 수준에서 무리하지 않는 범위로 조언 부탁드립니다.",1,2026-04-28T03:20:00
q_156,id_s_206,id_e_036,웹툰 분야에서 흔히 하는 오해나 실수가 있을까요?,고등학교 수행평가와 개인 관심사를 연결하려는 상황입니다. 처음 시작하는 입장에서 겉으로 보이는 모습만 보고 판단할까 봐 걱정됩니다. 실제 현장이나 활동 경험에서 느낀 오해를 알려주시면 도움이 될 것 같습니다. 나중에 다시 질문드릴 때 어떤 결과를 가져오면 좋을까요?,1,2026-04-28T12:20:00
q_157,id_s_217,id_e_043,브랜딩 활동을 처음 시작할 때 혼자 해볼 만한 일이 있을까요?,"중학교 동아리에서 작은 발표를 준비하는 상황입니다. 요즘 이 분야에 관심이 생겼는데, 주변에 같이 하는 친구가 많지 않습니다. 혼자 시작해도 의미 있는 활동과 한 달 안에 남길 수 있는 기록 방식이 궁금합니다. 제가 바로 해볼 수 있는 첫 단계를 구체적으로 알려주세요.",1,2026-04-28T21:20:00
q_158,id_s_228,id_e_050,식품개발 포트폴리오를 만들 때 보여줘야 하는 핵심이 뭘까요?,"학교 밖 커뮤니티나 온라인 모임 참여를 고민하는 상황입니다. 좋아한다는 말만으로는 부족할 것 같아서 작은 포트폴리오를 만들고 싶습니다. 완성작, 과정 기록, 피드백 중 무엇을 더 중요하게 봐야 할까요? 실패했을 때 어떻게 기록하면 좋을지도 궁금합니다.",1,2026-04-29T06:20:00
q_159,id_s_239,id_e_057,학교 수업에서 배운 내용을 로봇 활동으로 연결하고 싶습니다.,"진로를 확정하기보다는 탐색 증거를 만들고 싶은 상황입니다. 수업 시간에 배운 내용이 재미있었는데, 이 활동과 연결하면 더 깊게 탐구할 수 있을 것 같습니다. 선생님께 제안할 만한 작은 프로젝트 형태가 있을까요? 학생 수준에서 무리하지 않는 범위로 조언 부탁드립니다.",1,2026-04-29T15:20:00
q_160,id_s_250,id_e_064,의료기술 분야에 관심은 있지만 실력이 부족해서 시작이 망설여집니다.,아직 결과물은 없지만 관련 자료를 모으기 시작한 상황입니다. 관심은 큰데 막상 해보면 결과물이 어설퍼서 금방 포기하게 됩니다. 초보자가 실력을 확인하면서도 지치지 않게 연습하는 방법을 알고 싶습니다. 나중에 다시 질문드릴 때 어떤 결과를 가져오면 좋을까요?,1,2026-04-30T00:20:00
q_161,id_s_261,id_e_071,기후위기 모임을 친구들과 운영한다면 어떤 규칙이 필요할까요?,친구 두 명과 방과 후 프로젝트를 시작하려는 상황입니다. 친구 몇 명과 기후위기 관련 활동을 해보려고 합니다. 처음에는 재미있게 시작해도 역할 분담이나 일정 때문에 흐지부지될까 봐 걱정됩니다. 제가 바로 해볼 수 있는 첫 단계를 구체적으로 알려주세요.,1,2026-04-30T09:20:00
q_162,id_s_272,id_e_078,도시농업 분야가 진로로 이어질 수 있는지 현실적으로 확인하고 싶습니다.,고등학교 수행평가와 개인 관심사를 연결하려는 상황입니다. 도시농업에 관심이 있지만 이걸 직업이나 활동 방향으로 삼아도 되는지 잘 모르겠습니다. 좋아하는 마음과 실제 진로 가능성을 어떻게 구분하면 좋을까요? 실패했을 때 어떻게 기록하면 좋을지도 궁금합니다.,1,2026-04-30T18:20:00
q_163,id_s_283,id_e_085,SF 독서 활동을 생활기록부나 자기소개서에 쓰려면 어떤 깊이가 필요할까요?,중학교 동아리에서 작은 발표를 준비하는 상황입니다. 단순 체험으로 끝내지 않고 제 관심과 성장 과정이 보이게 만들고 싶습니다. 어떤 질문을 잡고 어떤 증거를 남겨야 의미 있는 활동이 될까요? 학생 수준에서 무리하지 않는 범위로 조언 부탁드립니다.,0,2026-05-01T03:20:00
q_164,id_s_294,id_e_092,교육 분야를 잘하는 사람들은 초반에 무엇을 다르게 하나요?,학교 밖 커뮤니티나 온라인 모임 참여를 고민하는 상황입니다. 자료를 찾아보면 다들 결과가 좋아 보여서 더 어렵게 느껴집니다. 초반에 시행착오를 줄이는 습관이나 관찰 포인트가 있다면 알고 싶습니다. 나중에 다시 질문드릴 때 어떤 결과를 가져오면 좋을까요?,1,2026-05-01T12:20:00
q_165,id_s_005,id_e_099,환경보호 활동에서 팀장 역할을 맡게 됐는데 부담됩니다.,진로를 확정하기보다는 탐색 증거를 만들고 싶은 상황입니다. 제가 제안해서 시작한 활동이라 팀장을 맡게 됐습니다. 친구들이 편하게 참여하면서도 결과물을 남기려면 어떤 방식으로 운영해야 할까요? 제가 바로 해볼 수 있는 첫 단계를 구체적으로 알려주세요.,1,2026-05-01T21:20:00
q_166,id_s_016,id_e_106,"식품개발 분야와 관련된 책, 영상, 현장 경험 중 무엇부터 해야 할까요?","아직 결과물은 없지만 관련 자료를 모으기 시작한 상황입니다. 관심 분야를 넓히고 싶은데 책을 읽어야 할지, 영상을 봐야 할지, 직접 체험을 해야 할지 모르겠습니다. 순서를 정하는 기준이 궁금합니다. 실패했을 때 어떻게 기록하면 좋을지도 궁금합니다.",1,2026-05-02T06:20:00
q_167,id_s_027,id_e_113,로봇 활동을 취미가 아니라 프로젝트처럼 발전시키고 싶습니다.,"친구 두 명과 방과 후 프로젝트를 시작하려는 상황입니다. 지금은 재미로만 하고 있는데, 조금 더 제대로 된 활동으로 만들어 보고 싶습니다. 주제 선정부터 결과 공유까지 어떤 흐름으로 잡으면 좋을까요? 학생 수준에서 무리하지 않는 범위로 조언 부탁드립니다.",1,2026-05-02T15:20:00
q_168,id_s_038,id_e_120,운동처방 분야에서 흔히 하는 오해나 실수가 있을까요?,고등학교 수행평가와 개인 관심사를 연결하려는 상황입니다. 처음 시작하는 입장에서 겉으로 보이는 모습만 보고 판단할까 봐 걱정됩니다. 실제 현장이나 활동 경험에서 느낀 오해를 알려주시면 도움이 될 것 같습니다. 나중에 다시 질문드릴 때 어떤 결과를 가져오면 좋을까요?,1,2026-05-03T00:20:00
q_169,id_s_049,id_e_127,도시농업 활동을 처음 시작할 때 혼자 해볼 만한 일이 있을까요?,"중학교 동아리에서 작은 발표를 준비하는 상황입니다. 요즘 이 분야에 관심이 생겼는데, 주변에 같이 하는 친구가 많지 않습니다. 혼자 시작해도 의미 있는 활동과 한 달 안에 남길 수 있는 기록 방식이 궁금합니다. 제가 바로 해볼 수 있는 첫 단계를 구체적으로 알려주세요.",1,2026-05-03T09:20:00
q_170,id_s_060,id_e_134,음악 포트폴리오를 만들 때 보여줘야 하는 핵심이 뭘까요?,"학교 밖 커뮤니티나 온라인 모임 참여를 고민하는 상황입니다. 좋아한다는 말만으로는 부족할 것 같아서 작은 포트폴리오를 만들고 싶습니다. 완성작, 과정 기록, 피드백 중 무엇을 더 중요하게 봐야 할까요? 실패했을 때 어떻게 기록하면 좋을지도 궁금합니다.",1,2026-05-03T18:20:00
q_171,id_s_071,id_e_141,학교 수업에서 배운 내용을 의료기술 활동으로 연결하고 싶습니다.,"진로를 확정하기보다는 탐색 증거를 만들고 싶은 상황입니다. 수업 시간에 배운 내용이 재미있었는데, 이 활동과 연결하면 더 깊게 탐구할 수 있을 것 같습니다. 선생님께 제안할 만한 작은 프로젝트 형태가 있을까요? 학생 수준에서 무리하지 않는 범위로 조언 부탁드립니다.",1,2026-05-04T03:20:00
q_172,id_s_082,id_e_148,소셜모임운영 분야에 관심은 있지만 실력이 부족해서 시작이 망설여집니다.,아직 결과물은 없지만 관련 자료를 모으기 시작한 상황입니다. 관심은 큰데 막상 해보면 결과물이 어설퍼서 금방 포기하게 됩니다. 초보자가 실력을 확인하면서도 지치지 않게 연습하는 방법을 알고 싶습니다. 나중에 다시 질문드릴 때 어떤 결과를 가져오면 좋을까요?,0,2026-05-04T12:20:00
q_173,id_s_093,id_e_005,드론 모임을 친구들과 운영한다면 어떤 규칙이 필요할까요?,친구 두 명과 방과 후 프로젝트를 시작하려는 상황입니다. 친구 몇 명과 드론 관련 활동을 해보려고 합니다. 처음에는 재미있게 시작해도 역할 분담이나 일정 때문에 흐지부지될까 봐 걱정됩니다. 제가 바로 해볼 수 있는 첫 단계를 구체적으로 알려주세요.,1,2026-05-04T21:20:00
q_174,id_s_104,id_e_012,운동처방 분야가 진로로 이어질 수 있는지 현실적으로 확인하고 싶습니다.,고등학교 수행평가와 개인 관심사를 연결하려는 상황입니다. 운동처방에 관심이 있지만 이걸 직업이나 활동 방향으로 삼아도 되는지 잘 모르겠습니다. 좋아하는 마음과 실제 진로 가능성을 어떻게 구분하면 좋을까요? 실패했을 때 어떻게 기록하면 좋을지도 궁금합니다.,1,2026-05-05T06:20:00
q_175,id_s_115,id_e_019,도시농업 활동을 생활기록부나 자기소개서에 쓰려면 어떤 깊이가 필요할까요?,중학교 동아리에서 작은 발표를 준비하는 상황입니다. 단순 체험으로 끝내지 않고 제 관심과 성장 과정이 보이게 만들고 싶습니다. 어떤 질문을 잡고 어떤 증거를 남겨야 의미 있는 활동이 될까요? 학생 수준에서 무리하지 않는 범위로 조언 부탁드립니다.,1,2026-05-05T15:20:00
q_176,id_s_126,id_e_026,공예 분야를 잘하는 사람들은 초반에 무엇을 다르게 하나요?,학교 밖 커뮤니티나 온라인 모임 참여를 고민하는 상황입니다. 자료를 찾아보면 다들 결과가 좋아 보여서 더 어렵게 느껴집니다. 초반에 시행착오를 줄이는 습관이나 관찰 포인트가 있다면 알고 싶습니다. 나중에 다시 질문드릴 때 어떤 결과를 가져오면 좋을까요?,1,2026-05-06T00:20:00
q_177,id_s_137,id_e_033,의료기술 활동에서 팀장 역할을 맡게 됐는데 부담됩니다.,진로를 확정하기보다는 탐색 증거를 만들고 싶은 상황입니다. 제가 제안해서 시작한 활동이라 팀장을 맡게 됐습니다. 친구들이 편하게 참여하면서도 결과물을 남기려면 어떤 방식으로 운영해야 할까요? 제가 바로 해볼 수 있는 첫 단계를 구체적으로 알려주세요.,1,2026-05-06T09:20:00
q_178,id_s_148,id_e_040,"소셜모임운영 분야와 관련된 책, 영상, 현장 경험 중 무엇부터 해야 할까요?","아직 결과물은 없지만 관련 자료를 모으기 시작한 상황입니다. 관심 분야를 넓히고 싶은데 책을 읽어야 할지, 영상을 봐야 할지, 직접 체험을 해야 할지 모르겠습니다. 순서를 정하는 기준이 궁금합니다. 실패했을 때 어떻게 기록하면 좋을지도 궁금합니다.",1,2026-05-06T18:20:00
q_179,id_s_159,id_e_047,NGO활동 활동을 취미가 아니라 프로젝트처럼 발전시키고 싶습니다.,"친구 두 명과 방과 후 프로젝트를 시작하려는 상황입니다. 지금은 재미로만 하고 있는데, 조금 더 제대로 된 활동으로 만들어 보고 싶습니다. 주제 선정부터 결과 공유까지 어떤 흐름으로 잡으면 좋을까요? 학생 수준에서 무리하지 않는 범위로 조언 부탁드립니다.",1,2026-05-07T03:20:00
q_180,id_s_170,id_e_054,드론 분야에서 흔히 하는 오해나 실수가 있을까요?,고등학교 수행평가와 개인 관심사를 연결하려는 상황입니다. 처음 시작하는 입장에서 겉으로 보이는 모습만 보고 판단할까 봐 걱정됩니다. 실제 현장이나 활동 경험에서 느낀 오해를 알려주시면 도움이 될 것 같습니다. 나중에 다시 질문드릴 때 어떤 결과를 가져오면 좋을까요?,1,2026-05-07T12:20:00
q_181,id_s_181,id_e_061,드론 활동을 처음 시작할 때 혼자 해볼 만한 일이 있을까요?,"중학교 동아리에서 작은 발표를 준비하는 상황입니다. 요즘 이 분야에 관심이 생겼는데, 주변에 같이 하는 친구가 많지 않습니다. 혼자 시작해도 의미 있는 활동과 한 달 안에 남길 수 있는 기록 방식이 궁금합니다. 제가 바로 해볼 수 있는 첫 단계를 구체적으로 알려주세요.",0,2026-05-07T21:20:00
q_182,id_s_192,id_e_068,응급처치 포트폴리오를 만들 때 보여줘야 하는 핵심이 뭘까요?,"학교 밖 커뮤니티나 온라인 모임 참여를 고민하는 상황입니다. 좋아한다는 말만으로는 부족할 것 같아서 작은 포트폴리오를 만들고 싶습니다. 완성작, 과정 기록, 피드백 중 무엇을 더 중요하게 봐야 할까요? 실패했을 때 어떻게 기록하면 좋을지도 궁금합니다.",1,2026-05-08T06:20:00
q_183,id_s_203,id_e_075,학교 수업에서 배운 내용을 수학 활동으로 연결하고 싶습니다.,"진로를 확정하기보다는 탐색 증거를 만들고 싶은 상황입니다. 수업 시간에 배운 내용이 재미있었는데, 이 활동과 연결하면 더 깊게 탐구할 수 있을 것 같습니다. 선생님께 제안할 만한 작은 프로젝트 형태가 있을까요? 학생 수준에서 무리하지 않는 범위로 조언 부탁드립니다.",1,2026-05-08T15:20:00
q_184,id_s_214,id_e_082,영상제작 분야에 관심은 있지만 실력이 부족해서 시작이 망설여집니다.,아직 결과물은 없지만 관련 자료를 모으기 시작한 상황입니다. 관심은 큰데 막상 해보면 결과물이 어설퍼서 금방 포기하게 됩니다. 초보자가 실력을 확인하면서도 지치지 않게 연습하는 방법을 알고 싶습니다. 나중에 다시 질문드릴 때 어떤 결과를 가져오면 좋을까요?,1,2026-05-09T00:20:00
q_185,id_s_225,id_e_089,교육 모임을 친구들과 운영한다면 어떤 규칙이 필요할까요?,친구 두 명과 방과 후 프로젝트를 시작하려는 상황입니다. 친구 몇 명과 교육 관련 활동을 해보려고 합니다. 처음에는 재미있게 시작해도 역할 분담이나 일정 때문에 흐지부지될까 봐 걱정됩니다. 제가 바로 해볼 수 있는 첫 단계를 구체적으로 알려주세요.,1,2026-05-09T09:20:00
q_186,id_s_236,id_e_096,AI 분야가 진로로 이어질 수 있는지 현실적으로 확인하고 싶습니다.,고등학교 수행평가와 개인 관심사를 연결하려는 상황입니다. AI에 관심이 있지만 이걸 직업이나 활동 방향으로 삼아도 되는지 잘 모르겠습니다. 좋아하는 마음과 실제 진로 가능성을 어떻게 구분하면 좋을까요? 실패했을 때 어떻게 기록하면 좋을지도 궁금합니다.,1,2026-05-09T18:20:00
q_187,id_s_247,id_e_103,반려동물커뮤니티 활동을 생활기록부나 자기소개서에 쓰려면 어떤 깊이가 필요할까요?,중학교 동아리에서 작은 발표를 준비하는 상황입니다. 단순 체험으로 끝내지 않고 제 관심과 성장 과정이 보이게 만들고 싶습니다. 어떤 질문을 잡고 어떤 증거를 남겨야 의미 있는 활동이 될까요? 학생 수준에서 무리하지 않는 범위로 조언 부탁드립니다.,1,2026-05-10T03:20:00
q_188,id_s_258,id_e_110,메이커활동 분야를 잘하는 사람들은 초반에 무엇을 다르게 하나요?,학교 밖 커뮤니티나 온라인 모임 참여를 고민하는 상황입니다. 자료를 찾아보면 다들 결과가 좋아 보여서 더 어렵게 느껴집니다. 초반에 시행착오를 줄이는 습관이나 관찰 포인트가 있다면 알고 싶습니다. 나중에 다시 질문드릴 때 어떤 결과를 가져오면 좋을까요?,1,2026-05-10T12:20:00
q_189,id_s_269,id_e_117,카페운영 활동에서 팀장 역할을 맡게 됐는데 부담됩니다.,진로를 확정하기보다는 탐색 증거를 만들고 싶은 상황입니다. 제가 제안해서 시작한 활동이라 팀장을 맡게 됐습니다. 친구들이 편하게 참여하면서도 결과물을 남기려면 어떤 방식으로 운영해야 할까요? 제가 바로 해볼 수 있는 첫 단계를 구체적으로 알려주세요.,1,2026-05-10T21:20:00
q_190,id_s_280,id_e_124,"환경보호 분야와 관련된 책, 영상, 현장 경험 중 무엇부터 해야 할까요?","아직 결과물은 없지만 관련 자료를 모으기 시작한 상황입니다. 관심 분야를 넓히고 싶은데 책을 읽어야 할지, 영상을 봐야 할지, 직접 체험을 해야 할지 모르겠습니다. 순서를 정하는 기준이 궁금합니다. 실패했을 때 어떻게 기록하면 좋을지도 궁금합니다.",0,2026-05-11T06:20:00
q_191,id_s_291,id_e_131,공예 활동을 취미가 아니라 프로젝트처럼 발전시키고 싶습니다.,"친구 두 명과 방과 후 프로젝트를 시작하려는 상황입니다. 지금은 재미로만 하고 있는데, 조금 더 제대로 된 활동으로 만들어 보고 싶습니다. 주제 선정부터 결과 공유까지 어떤 흐름으로 잡으면 좋을까요? 학생 수준에서 무리하지 않는 범위로 조언 부탁드립니다.",1,2026-05-11T15:20:00
q_192,id_s_002,id_e_138,반려동물커뮤니티 분야에서 흔히 하는 오해나 실수가 있을까요?,고등학교 수행평가와 개인 관심사를 연결하려는 상황입니다. 처음 시작하는 입장에서 겉으로 보이는 모습만 보고 판단할까 봐 걱정됩니다. 실제 현장이나 활동 경험에서 느낀 오해를 알려주시면 도움이 될 것 같습니다. 나중에 다시 질문드릴 때 어떤 결과를 가져오면 좋을까요?,1,2026-05-12T00:20:00
q_193,id_s_013,id_e_145,독서모임 활동을 처음 시작할 때 혼자 해볼 만한 일이 있을까요?,"중학교 동아리에서 작은 발표를 준비하는 상황입니다. 요즘 이 분야에 관심이 생겼는데, 주변에 같이 하는 친구가 많지 않습니다. 혼자 시작해도 의미 있는 활동과 한 달 안에 남길 수 있는 기록 방식이 궁금합니다. 제가 바로 해볼 수 있는 첫 단계를 구체적으로 알려주세요.",1,2026-05-12T09:20:00
q_194,id_s_024,id_e_002,수학 포트폴리오를 만들 때 보여줘야 하는 핵심이 뭘까요?,"학교 밖 커뮤니티나 온라인 모임 참여를 고민하는 상황입니다. 좋아한다는 말만으로는 부족할 것 같아서 작은 포트폴리오를 만들고 싶습니다. 완성작, 과정 기록, 피드백 중 무엇을 더 중요하게 봐야 할까요? 실패했을 때 어떻게 기록하면 좋을지도 궁금합니다.",1,2026-05-12T18:20:00
q_195,id_s_035,id_e_009,학교 수업에서 배운 내용을 카페운영 활동으로 연결하고 싶습니다.,"진로를 확정하기보다는 탐색 증거를 만들고 싶은 상황입니다. 수업 시간에 배운 내용이 재미있었는데, 이 활동과 연결하면 더 깊게 탐구할 수 있을 것 같습니다. 선생님께 제안할 만한 작은 프로젝트 형태가 있을까요? 학생 수준에서 무리하지 않는 범위로 조언 부탁드립니다.",1,2026-05-13T03:20:00
q_196,id_s_046,id_e_016,환경보호 분야에 관심은 있지만 실력이 부족해서 시작이 망설여집니다.,아직 결과물은 없지만 관련 자료를 모으기 시작한 상황입니다. 관심은 큰데 막상 해보면 결과물이 어설퍼서 금방 포기하게 됩니다. 초보자가 실력을 확인하면서도 지치지 않게 연습하는 방법을 알고 싶습니다. 나중에 다시 질문드릴 때 어떤 결과를 가져오면 좋을까요?,1,2026-05-13T12:20:00
q_197,id_s_057,id_e_023,공연기획 모임을 친구들과 운영한다면 어떤 규칙이 필요할까요?,친구 두 명과 방과 후 프로젝트를 시작하려는 상황입니다. 친구 몇 명과 공연기획 관련 활동을 해보려고 합니다. 처음에는 재미있게 시작해도 역할 분담이나 일정 때문에 흐지부지될까 봐 걱정됩니다. 제가 바로 해볼 수 있는 첫 단계를 구체적으로 알려주세요.,1,2026-05-13T21:20:00
q_198,id_s_068,id_e_030,반려동물커뮤니티 분야가 진로로 이어질 수 있는지 현실적으로 확인하고 싶습니다.,고등학교 수행평가와 개인 관심사를 연결하려는 상황입니다. 반려동물커뮤니티에 관심이 있지만 이걸 직업이나 활동 방향으로 삼아도 되는지 잘 모르겠습니다. 좋아하는 마음과 실제 진로 가능성을 어떻게 구분하면 좋을까요? 실패했을 때 어떻게 기록하면 좋을지도 궁금합니다.,1,2026-05-14T06:20:00
q_199,id_s_079,id_e_037,독서모임 활동을 생활기록부나 자기소개서에 쓰려면 어떤 깊이가 필요할까요?,중학교 동아리에서 작은 발표를 준비하는 상황입니다. 단순 체험으로 끝내지 않고 제 관심과 성장 과정이 보이게 만들고 싶습니다. 어떤 질문을 잡고 어떤 증거를 남겨야 의미 있는 활동이 될까요? 학생 수준에서 무리하지 않는 범위로 조언 부탁드립니다.,0,2026-05-14T15:20:00
q_200,id_s_090,id_e_044,사회혁신 분야를 잘하는 사람들은 초반에 무엇을 다르게 하나요?,학교 밖 커뮤니티나 온라인 모임 참여를 고민하는 상황입니다. 자료를 찾아보면 다들 결과가 좋아 보여서 더 어렵게 느껴집니다. 초반에 시행착오를 줄이는 습관이나 관찰 포인트가 있다면 알고 싶습니다. 나중에 다시 질문드릴 때 어떤 결과를 가져오면 좋을까요?,1,2026-05-15T00:20:00
