login_id,nickname,school_level,school_name,grade
id_s_001,김서준,중학생,미래중학교,2학년
id_s_002,이현우,중학생,한빛고등학교,3학년
id_s_003,박다은,고등학생,늘봄고등학교,1학년
id_s_004,최민지,고등학생,하늘중학교,2학년
id_s_005,정민재,대학생,서울미래대학교,해당없음
id_s_006,강예준,성인,지역학습센터,해당없음
id_s_007,조지우,중학생,서울미래대학교,2학년
id_s_008,윤서아,중학생,지역학습센터,3학년
id_s_009,장수아,고등학생,미래중학교,1학년
id_s_010,임하린,고등학생,한빛고등학교,2학년
id_s_011,한지호,대학생,서울미래대학교,해당없음
id_s_012,오준서,성인,지역학습센터,해당없음
id_s_013,서도윤,중학생,새롬고등학교,2학년
id_s_014,신나윤,중학생,은하중학교,3학년
id_s_015,권채원,고등학생,서울미래대학교,1학년
id_s_016,황서연,고등학생,지역학습센터,2학년
id_s_017,안연우,대학생,서울미래대학교,해당없음
id_s_018,송하준,성인,지역학습센터,해당없음
id_s_019,류유진,중학생,늘봄고등학교,2학년
id_s_020,홍시윤,중학생,하늘중학교,3학년
id_s_021,전서준,고등학생,새롬고등학교,1학년
id_s_022,문현우,고등학생,은하중학교,2학년
id_s_023,양다은,대학생,서울미래대학교,해당없음
id_s_024,손민지,성인,지역학습센터,해당없음
id_s_025,배민재,중학생,미래중학교,2학년
id_s_026,백예준,중학생,한빛고등학교,3학년
id_s_027,허지우,고등학생,늘봄고등학교,1학년
id_s_028,남서아,고등학생,하늘중학교,2학년
id_s_029,심수아,대학생,서울미래대학교,해당없음
id_s_030,노하린,성인,지역학습센터,해당없음
id_s_031,하지호,중학생,서울미래대학교,2학년
id_s_032,곽준서,중학생,지역학습센터,3학년
id_s_033,성도윤,고등학생,미래중학교,1학년
id_s_034,차나윤,고등학생,한빛고등학교,2학년
id_s_035,주채원,대학생,서울미래대학교,해당없음
id_s_036,우서연,성인,지역학습센터,해당없음
id_s_037,김연우,중학생,새롬고등학교,2학년
id_s_038,이하준,중학생,은하중학교,3학년
id_s_039,박유진,고등학생,서울미래대학교,1학년
id_s_040,최시윤,고등학생,지역학습센터,2학년
id_s_041,정서준,대학생,서울미래대학교,해당없음
id_s_042,강현우,성인,지역학습센터,해당없음
id_s_043,조다은,중학생,늘봄고등학교,2학년
id_s_044,윤민지,중학생,하늘중학교,3학년
id_s_045,장민재,고등학생,새롬고등학교,1학년
id_s_046,임예준,고등학생,은하중학교,2학년
id_s_047,한지우,대학생,서울미래대학교,해당없음
id_s_048,오서아,성인,지역학습센터,해당없음
id_s_049,서수아,중학생,미래중학교,2학년
id_s_050,신하린,중학생,한빛고등학교,3학년
id_s_051,권지호,고등학생,늘봄고등학교,1학년
id_s_052,황준서,고등학생,하늘중학교,2학년
id_s_053,안도윤,대학생,서울미래대학교,해당없음
id_s_054,송나윤,성인,지역학습센터,해당없음
id_s_055,류채원,중학생,서울미래대학교,2학년
id_s_056,홍서연,중학생,지역학습센터,3학년
id_s_057,전연우,고등학생,미래중학교,1학년
id_s_058,문하준,고등학생,한빛고등학교,2학년
id_s_059,양유진,대학생,서울미래대학교,해당없음
id_s_060,손시윤,성인,지역학습센터,해당없음
id_s_061,배서준,중학생,새롬고등학교,2학년
id_s_062,백현우,중학생,은하중학교,3학년
id_s_063,허다은,고등학생,서울미래대학교,1학년
id_s_064,남민지,고등학생,지역학습센터,2학년
id_s_065,심민재,대학생,서울미래대학교,해당없음
id_s_066,노예준,성인,지역학습센터,해당없음
id_s_067,하지우,중학생,늘봄고등학교,2학년
id_s_068,곽서아,중학생,하늘중학교,3학년
id_s_069,성수아,고등학생,새롬고등학교,1학년
id_s_070,차하린,고등학생,은하중학교,2학년
id_s_071,주지호,대학생,서울미래대학교,해당없음
id_s_072,우준서,성인,지역학습센터,해당없음
id_s_073,김도윤,중학생,미래중학교,2학년
id_s_074,이나윤,중학생,한빛고등학교,3학년
id_s_075,박채원,고등학생,늘봄고등학교,1학년
id_s_076,최서연,고등학생,하늘중학교,2학년
id_s_077,정연우,대학생,서울미래대학교,해당없음
id_s_078,강하준,성인,지역학습센터,해당없음
id_s_079,조유진,중학생,서울미래대학교,2학년
id_s_080,윤시윤,중학생,지역학습센터,3학년
id_s_081,장서준,고등학생,미래중학교,1학년
id_s_082,임현우,고등학생,한빛고등학교,2학년
id_s_083,한다은,대학생,서울미래대학교,해당없음
id_s_084,오민지,성인,지역학습센터,해당없음
id_s_085,서민재,중학생,새롬고등학교,2학년
id_s_086,신예준,중학생,은하중학교,3학년
id_s_087,권지우,고등학생,서울미래대학교,1학년
id_s_088,황서아,고등학생,지역학습센터,2학년
id_s_089,안수아,대학생,서울미래대학교,해당없음
id_s_090,송하린,성인,지역학습센터,해당없음
id_s_091,류지호,중학생,늘봄고등학교,2학년
id_s_092,홍준서,중학생,하늘중학교,3학년
id_s_093,전도윤,고등학생,새롬고등학교,1학년
id_s_094,문나윤,고등학생,은하중학교,2학년
id_s_095,양채원,대학생,서울미래대학교,해당없음
id_s_096,손서연,성인,지역학습센터,해당없음
id_s_097,배연우,중학생,미래중학교,2학년
id_s_098,백하준,중학생,한빛고등학교,3학년
id_s_099,허유진,고등학생,늘봄고등학교,1학년
id_s_100,남시윤,고등학생,하늘중학교,2학년
id_s_101,심서준,대학생,서울미래대학교,해당없음
id_s_102,노현우,성인,지역학습센터,해당없음
id_s_103,하다은,중학생,서울미래대학교,2학년
id_s_104,곽민지,중학생,지역학습센터,3학년
id_s_105,성민재,고등학생,미래중학교,1학년
id_s_106,차예준,고등학생,한빛고등학교,2학년
id_s_107,주지우,대학생,서울미래대학교,해당없음
id_s_108,우서아,성인,지역학습센터,해당없음
id_s_109,김수아,중학생,새롬고등학교,2학년
id_s_110,이하린,중학생,은하중학교,3학년
id_s_111,박지호,고등학생,서울미래대학교,1학년
id_s_112,최준서,고등학생,지역학습센터,2학년
id_s_113,정도윤,대학생,서울미래대학교,해당없음
id_s_114,강나윤,성인,지역학습센터,해당없음
id_s_115,조채원,중학생,늘봄고등학교,2학년
id_s_116,윤서연,중학생,하늘중학교,3학년
id_s_117,장연우,고등학생,새롬고등학교,1학년
id_s_118,임하준,고등학생,은하중학교,2학년
id_s_119,한유진,대학생,서울미래대학교,해당없음
id_s_120,오시윤,성인,지역학습센터,해당없음
id_s_121,서서준,중학생,미래중학교,2학년
id_s_122,신현우,중학생,한빛고등학교,3학년
id_s_123,권다은,고등학생,늘봄고등학교,1학년
id_s_124,황민지,고등학생,하늘중학교,2학년
id_s_125,안민재,대학생,서울미래대학교,해당없음
id_s_126,송예준,성인,지역학습센터,해당없음
id_s_127,류지우,중학생,서울미래대학교,2학년
id_s_128,홍서아,중학생,지역학습센터,3학년
id_s_129,전수아,고등학생,미래중학교,1학년
id_s_130,문하린,고등학생,한빛고등학교,2학년
id_s_131,양지호,대학생,서울미래대학교,해당없음
id_s_132,손준서,성인,지역학습센터,해당없음
id_s_133,배도윤,중학생,새롬고등학교,2학년
id_s_134,백나윤,중학생,은하중학교,3학년
id_s_135,허채원,고등학생,서울미래대학교,1학년
id_s_136,남서연,고등학생,지역학습센터,2학년
id_s_137,심연우,대학생,서울미래대학교,해당없음
id_s_138,노하준,성인,지역학습센터,해당없음
id_s_139,하유진,중학생,늘봄고등학교,2학년
id_s_140,곽시윤,중학생,하늘중학교,3학년
id_s_141,성서준,고등학생,새롬고등학교,1학년
id_s_142,차현우,고등학생,은하중학교,2학년
id_s_143,주다은,대학생,서울미래대학교,해당없음
id_s_144,우민지,성인,지역학습센터,해당없음
id_s_145,김민재,중학생,미래중학교,2학년
id_s_146,이예준,중학생,한빛고등학교,3학년
id_s_147,박지우,고등학생,늘봄고등학교,1학년
id_s_148,최서아,고등학생,하늘중학교,2학년
id_s_149,정수아,대학생,서울미래대학교,해당없음
id_s_150,강하린,성인,지역학습센터,해당없음
id_s_151,조지호,중학생,서울미래대학교,2학년
id_s_152,윤준서,중학생,지역학습센터,3학년
id_s_153,장도윤,고등학생,미래중학교,1학년
id_s_154,임나윤,고등학생,한빛고등학교,2학년
id_s_155,한채원,대학생,서울미래대학교,해당없음
id_s_156,오서연,성인,지역학습센터,해당없음
id_s_157,서연우,중학생,새롬고등학교,2학년
id_s_158,신하준,중학생,은하중학교,3학년
id_s_159,권유진,고등학생,서울미래대학교,1학년
id_s_160,황시윤,고등학생,지역학습센터,2학년
id_s_161,안서준,대학생,서울미래대학교,해당없음
id_s_162,송현우,성인,지역학습센터,해당없음
id_s_163,류다은,중학생,늘봄고등학교,2학년
id_s_164,홍민지,중학생,하늘중학교,3학년
id_s_165,전민재,고등학생,새롬고등학교,1학년
id_s_166,문예준,고등학생,은하중학교,2학년
id_s_167,양지우,대학생,서울미래대학교,해당없음
id_s_168,손서아,성인,지역학습센터,해당없음
id_s_169,배수아,중학생,미래중학교,2학년
id_s_170,백하린,중학생,한빛고등학교,3학년
id_s_171,허지호,고등학생,늘봄고등학교,1학년
id_s_172,남준서,고등학생,하늘중학교,2학년
id_s_173,심도윤,대학생,서울미래대학교,해당없음
id_s_174,노나윤,성인,지역학습센터,해당없음
id_s_175,하채원,중학생,서울미래대학교,2학년
id_s_176,곽서연,중학생,지역학습센터,3학년
id_s_177,성연우,고등학생,미래중학교,1학년
id_s_178,차하준,고등학생,한빛고등학교,2학년
id_s_179,주유진,대학생,서울미래대학교,해당없음
id_s_180,우시윤,성인,지역학습센터,해당없음
id_s_181,김서준,중학생,새롬고등학교,2학년
id_s_182,이현우,중학생,은하중학교,3학년
id_s_183,박다은,고등학생,서울미래대학교,1학년
id_s_184,최민지,고등학생,지역학습센터,2학년
id_s_185,정민재,대학생,서울미래대학교,해당없음
id_s_186,강예준,성인,지역학습센터,해당없음
id_s_187,조지우,중학생,늘봄고등학교,2학년
id_s_188,윤서아,중학생,하늘중학교,3학년
id_s_189,장수아,고등학생,새롬고등학교,1학년
id_s_190,임하린,고등학생,은하중학교,2학년
id_s_191,한지호,대학생,서울미래대학교,해당없음
id_s_192,오준서,성인,지역학습센터,해당없음
id_s_193,서도윤,중학생,미래중학교,2학년
id_s_194,신나윤,중학생,한빛고등학교,3학년
id_s_195,권채원,고등학생,늘봄고등학교,1학년
id_s_196,황서연,고등학생,하늘중학교,2학년
id_s_197,안연우,대학생,서울미래대학교,해당없음
id_s_198,송하준,성인,지역학습센터,해당없음
id_s_199,류유진,중학생,서울미래대학교,2학년
id_s_200,홍시윤,중학생,지역학습센터,3학년
id_s_201,전서준,고등학생,미래중학교,1학년
id_s_202,문현우,고등학생,한빛고등학교,2학년
id_s_203,양다은,대학생,서울미래대학교,해당없음
id_s_204,손민지,성인,지역학습센터,해당없음
id_s_205,배민재,중학생,새롬고등학교,2학년
id_s_206,백예준,중학생,은하중학교,3학년
id_s_207,허지우,고등학생,서울미래대학교,1학년
id_s_208,남서아,고등학생,지역학습센터,2학년
id_s_209,심수아,대학생,서울미래대학교,해당없음
id_s_210,노하린,성인,지역학습센터,해당없음
id_s_211,하지호,중학생,늘봄고등학교,2학년
id_s_212,곽준서,중학생,하늘중학교,3학년
id_s_213,성도윤,고등학생,새롬고등학교,1학년
id_s_214,차나윤,고등학생,은하중학교,2학년
id_s_215,주채원,대학생,서울미래대학교,해당없음
id_s_216,우서연,성인,지역학습센터,해당없음
id_s_217,김연우,중학생,미래중학교,2학년
id_s_218,이하준,중학생,한빛고등학교,3학년
id_s_219,박유진,고등학생,늘봄고등학교,1학년
id_s_220,최시윤,고등학생,하늘중학교,2학년
id_s_221,정서준,대학생,서울미래대학교,해당없음
id_s_222,강현우,성인,지역학습센터,해당없음
id_s_223,조다은,중학생,서울미래대학교,2학년
id_s_224,윤민지,중학생,지역학습센터,3학년
id_s_225,장민재,고등학생,미래중학교,1학년
id_s_226,임예준,고등학생,한빛고등학교,2학년
id_s_227,한지우,대학생,서울미래대학교,해당없음
id_s_228,오서아,성인,지역학습센터,해당없음
id_s_229,서수아,중학생,새롬고등학교,2학년
id_s_230,신하린,중학생,은하중학교,3학년
id_s_231,권지호,고등학생,서울미래대학교,1학년
id_s_232,황준서,고등학생,지역학습센터,2학년
id_s_233,안도윤,대학생,서울미래대학교,해당없음
id_s_234,송나윤,성인,지역학습센터,해당없음
id_s_235,류채원,중학생,늘봄고등학교,2학년
id_s_236,홍서연,중학생,하늘중학교,3학년
id_s_237,전연우,고등학생,새롬고등학교,1학년
id_s_238,문하준,고등학생,은하중학교,2학년
id_s_239,양유진,대학생,서울미래대학교,해당없음
id_s_240,손시윤,성인,지역학습센터,해당없음
id_s_241,배서준,중학생,미래중학교,2학년
id_s_242,백현우,중학생,한빛고등학교,3학년
id_s_243,허다은,고등학생,늘봄고등학교,1학년
id_s_244,남민지,고등학생,하늘중학교,2학년
id_s_245,심민재,대학생,서울미래대학교,해당없음
id_s_246,노예준,성인,지역학습센터,해당없음
id_s_247,하지우,중학생,서울미래대학교,2학년
id_s_248,곽서아,중학생,지역학습센터,3학년
id_s_249,성수아,고등학생,미래중학교,1학년
id_s_250,차하린,고등학생,한빛고등학교,2학년
id_s_251,주지호,대학생,서울미래대학교,해당없음
id_s_252,우준서,성인,지역학습센터,해당없음
id_s_253,김도윤,중학생,새롬고등학교,2학년
id_s_254,이나윤,중학생,은하중학교,3학년
id_s_255,박채원,고등학생,서울미래대학교,1학년
id_s_256,최서연,고등학생,지역학습센터,2학년
id_s_257,정연우,대학생,서울미래대학교,해당없음
id_s_258,강하준,성인,지역학습센터,해당없음
id_s_259,조유진,중학생,늘봄고등학교,2학년
id_s_260,윤시윤,중학생,하늘중학교,3학년
id_s_261,장서준,고등학생,새롬고등학교,1학년
id_s_262,임현우,고등학생,은하중학교,2학년
id_s_263,한다은,대학생,서울미래대학교,해당없음
id_s_264,오민지,성인,지역학습센터,해당없음
id_s_265,서민재,중학생,미래중학교,2학년
id_s_266,신예준,중학생,한빛고등학교,3학년
id_s_267,권지우,고등학생,늘봄고등학교,1학년
id_s_268,황서아,고등학생,하늘중학교,2학년
id_s_269,안수아,대학생,서울미래대학교,해당없음
id_s_270,송하린,성인,지역학습센터,해당없음
id_s_271,류지호,중학생,서울미래대학교,2학년
id_s_272,홍준서,중학생,지역학습센터,3학년
id_s_273,전도윤,고등학생,미래중학교,1학년
id_s_274,문나윤,고등학생,한빛고등학교,2학년
id_s_275,양채원,대학생,서울미래대학교,해당없음
id_s_276,손서연,성인,지역학습센터,해당없음
id_s_277,배연우,중학생,새롬고등학교,2학년
id_s_278,백하준,중학생,은하중학교,3학년
id_s_279,허유진,고등학생,서울미래대학교,1학년
id_s_280,남시윤,고등학생,지역학습센터,2학년
id_s_281,심서준,대학생,서울미래대학교,해당없음
id_s_282,노현우,성인,지역학습센터,해당없음
id_s_283,하다은,중학생,늘봄고등학교,2학년
id_s_284,곽민지,중학생,하늘중학교,3학년
id_s_285,성민재,고등학생,새롬고등학교,1학년
id_s_286,차예준,고등학생,은하중학교,2학년
id_s_287,주지우,대학생,서울미래대학교,해당없음
id_s_288,우서아,성인,지역학습센터,해당없음
id_s_289,김수아,중학생,미래중학교,2학년
id_s_290,이하린,중학생,한빛고등학교,3학년
id_s_291,박지호,고등학생,늘봄고등학교,1학년
id_s_292,최준서,고등학생,하늘중학교,2학년
id_s_293,정도윤,대학생,서울미래대학교,해당없음
id_s_294,강나윤,성인,지역학습센터,해당없음
id_s_295,조채원,중학생,서울미래대학교,2학년
id_s_296,윤서연,중학생,지역학습센터,3학년
id_s_297,장연우,고등학생,미래중학교,1학년
id_s_298,임하준,고등학생,한빛고등학교,2학년
id_s_299,한유진,대학생,서울미래대학교,해당없음
id_s_300,오시윤,성인,지역학습센터,해당없음
