login_id,node_name
id_s_001,AI
id_s_001,글쓰기
id_s_001,등산
id_s_002,게임방송
id_s_002,데이터 분석
id_s_002,로컬푸드
id_s_002,사회혁신
id_s_003,교육
id_s_003,드론
id_s_003,바이오
id_s_003,수학
id_s_003,요리
id_s_004,대중강연
id_s_004,로봇
id_s_004,사진
id_s_005,독서모임
id_s_005,멘토링
id_s_005,숏폼콘텐츠
id_s_005,영양관리
id_s_006,디자인
id_s_006,브랜딩
id_s_006,심리상담
id_s_006,웹툰
id_s_006,지역축제
id_s_007,메이커활동
id_s_007,소셜모임운영
id_s_007,영상제작
id_s_008,반려동물커뮤니티
id_s_008,식품개발
id_s_008,운동처방
id_s_008,정육유통
id_s_009,사회혁신
id_s_009,양자역학
id_s_009,응급처치
id_s_009,카페운영
id_s_009,해양생물학
id_s_010,수학
id_s_010,요리
id_s_010,저널리즘
id_s_011,아이돌팬클럽
id_s_011,음악
id_s_011,창업
id_s_011,학습코칭
id_s_012,영양관리
id_s_012,재생에너지
id_s_012,토론
id_s_012,AI
id_s_012,글쓰기
id_s_013,웹툰
id_s_013,지역축제
id_s_013,플리마켓
id_s_014,의료기술
id_s_014,코딩교육
id_s_014,환경보호
id_s_014,교육
id_s_015,정육유통
id_s_015,패션스타일링
id_s_015,SF 독서
id_s_015,대중강연
id_s_015,로봇
id_s_016,카페운영
id_s_016,해양생물학
id_s_016,공예
id_s_017,팟캐스트
id_s_017,NGO활동
id_s_017,기후위기
id_s_017,디자인
id_s_018,학습코칭
id_s_018,공연기획
id_s_018,도시농업
id_s_018,메이커활동
id_s_018,소셜모임운영
id_s_019,AI
id_s_019,글쓰기
id_s_019,등산
id_s_020,게임방송
id_s_020,데이터 분석
id_s_020,로컬푸드
id_s_020,사회혁신
id_s_021,교육
id_s_021,드론
id_s_021,바이오
id_s_021,수학
id_s_021,요리
id_s_022,대중강연
id_s_022,로봇
id_s_022,사진
id_s_023,독서모임
id_s_023,멘토링
id_s_023,숏폼콘텐츠
id_s_023,영양관리
id_s_024,디자인
id_s_024,브랜딩
id_s_024,심리상담
id_s_024,웹툰
id_s_024,지역축제
id_s_025,메이커활동
id_s_025,소셜모임운영
id_s_025,영상제작
id_s_026,반려동물커뮤니티
id_s_026,식품개발
id_s_026,운동처방
id_s_026,정육유통
id_s_027,사회혁신
id_s_027,양자역학
id_s_027,응급처치
id_s_027,카페운영
id_s_027,해양생물학
id_s_028,수학
id_s_028,요리
id_s_028,저널리즘
id_s_029,아이돌팬클럽
id_s_029,음악
id_s_029,창업
id_s_029,학습코칭
id_s_030,영양관리
id_s_030,재생에너지
id_s_030,토론
id_s_030,AI
id_s_030,글쓰기
id_s_031,웹툰
id_s_031,지역축제
id_s_031,플리마켓
id_s_032,의료기술
id_s_032,코딩교육
id_s_032,환경보호
id_s_032,교육
id_s_033,정육유통
id_s_033,패션스타일링
id_s_033,SF 독서
id_s_033,대중강연
id_s_033,로봇
id_s_034,카페운영
id_s_034,해양생물학
id_s_034,공예
id_s_035,팟캐스트
id_s_035,NGO활동
id_s_035,기후위기
id_s_035,디자인
id_s_036,학습코칭
id_s_036,공연기획
id_s_036,도시농업
id_s_036,메이커활동
id_s_036,소셜모임운영
id_s_037,AI
id_s_037,글쓰기
id_s_037,등산
id_s_038,게임방송
id_s_038,데이터 분석
id_s_038,로컬푸드
id_s_038,사회혁신
id_s_039,교육
id_s_039,드론
id_s_039,바이오
id_s_039,수학
id_s_039,요리
id_s_040,대중강연
id_s_040,로봇
id_s_040,사진
id_s_041,독서모임
id_s_041,멘토링
id_s_041,숏폼콘텐츠
id_s_041,영양관리
id_s_042,디자인
id_s_042,브랜딩
id_s_042,심리상담
id_s_042,웹툰
id_s_042,지역축제
id_s_043,메이커활동
id_s_043,소셜모임운영
id_s_043,영상제작
id_s_044,반려동물커뮤니티
id_s_044,식품개발
id_s_044,운동처방
id_s_044,정육유통
id_s_045,사회혁신
id_s_045,양자역학
id_s_045,응급처치
id_s_045,카페운영
id_s_045,해양생물학
id_s_046,수학
id_s_046,요리
id_s_046,저널리즘
id_s_047,아이돌팬클럽
id_s_047,음악
id_s_047,창업
id_s_047,학습코칭
id_s_048,영양관리
id_s_048,재생에너지
id_s_048,토론
id_s_048,AI
id_s_048,글쓰기
id_s_049,웹툰
id_s_049,지역축제
id_s_049,플리마켓
id_s_050,의료기술
id_s_050,코딩교육
id_s_050,환경보호
id_s_050,교육
id_s_051,정육유통
id_s_051,패션스타일링
id_s_051,SF 독서
id_s_051,대중강연
id_s_051,로봇
id_s_052,카페운영
id_s_052,해양생물학
id_s_052,공예
id_s_053,팟캐스트
id_s_053,NGO활동
id_s_053,기후위기
id_s_053,디자인
id_s_054,학습코칭
id_s_054,공연기획
id_s_054,도시농업
id_s_054,메이커활동
id_s_054,소셜모임운영
id_s_055,AI
id_s_055,글쓰기
id_s_055,등산
id_s_056,게임방송
id_s_056,데이터 분석
id_s_056,로컬푸드
id_s_056,사회혁신
id_s_057,교육
id_s_057,드론
id_s_057,바이오
id_s_057,수학
id_s_057,요리
id_s_058,대중강연
id_s_058,로봇
id_s_058,사진
id_s_059,독서모임
id_s_059,멘토링
id_s_059,숏폼콘텐츠
id_s_059,영양관리
id_s_060,디자인
id_s_060,브랜딩
id_s_060,심리상담
id_s_060,웹툰
id_s_060,지역축제
id_s_061,메이커활동
id_s_061,소셜모임운영
id_s_061,영상제작
id_s_062,반려동물커뮤니티
id_s_062,식품개발
id_s_062,운동처방
id_s_062,정육유통
id_s_063,사회혁신
id_s_063,양자역학
id_s_063,응급처치
id_s_063,카페운영
id_s_063,해양생물학
id_s_064,수학
id_s_064,요리
id_s_064,저널리즘
id_s_065,아이돌팬클럽
id_s_065,음악
id_s_065,창업
id_s_065,학습코칭
id_s_066,영양관리
id_s_066,재생에너지
id_s_066,토론
id_s_066,AI
id_s_066,글쓰기
id_s_067,웹툰
id_s_067,지역축제
id_s_067,플리마켓
id_s_068,의료기술
id_s_068,코딩교육
id_s_068,환경보호
id_s_068,교육
id_s_069,정육유통
id_s_069,패션스타일링
id_s_069,SF 독서
id_s_069,대중강연
id_s_069,로봇
id_s_070,카페운영
id_s_070,해양생물학
id_s_070,공예
id_s_071,팟캐스트
id_s_071,NGO활동
id_s_071,기후위기
id_s_071,디자인
id_s_072,학습코칭
id_s_072,공연기획
id_s_072,도시농업
id_s_072,메이커활동
id_s_072,소셜모임운영
id_s_073,AI
id_s_073,글쓰기
id_s_073,등산
id_s_074,게임방송
id_s_074,데이터 분석
id_s_074,로컬푸드
id_s_074,사회혁신
id_s_075,교육
id_s_075,드론
id_s_075,바이오
id_s_075,수학
id_s_075,요리
id_s_076,대중강연
id_s_076,로봇
id_s_076,사진
id_s_077,독서모임
id_s_077,멘토링
id_s_077,숏폼콘텐츠
id_s_077,영양관리
id_s_078,디자인
id_s_078,브랜딩
id_s_078,심리상담
id_s_078,웹툰
id_s_078,지역축제
id_s_079,메이커활동
id_s_079,소셜모임운영
id_s_079,영상제작
id_s_080,반려동물커뮤니티
id_s_080,식품개발
id_s_080,운동처방
id_s_080,정육유통
id_s_081,사회혁신
id_s_081,양자역학
id_s_081,응급처치
id_s_081,카페운영
id_s_081,해양생물학
id_s_082,수학
id_s_082,요리
id_s_082,저널리즘
id_s_083,아이돌팬클럽
id_s_083,음악
id_s_083,창업
id_s_083,학습코칭
id_s_084,영양관리
id_s_084,재생에너지
id_s_084,토론
id_s_084,AI
id_s_084,글쓰기
id_s_085,웹툰
id_s_085,지역축제
id_s_085,플리마켓
id_s_086,의료기술
id_s_086,코딩교육
id_s_086,환경보호
id_s_086,교육
id_s_087,정육유통
id_s_087,패션스타일링
id_s_087,SF 독서
id_s_087,대중강연
id_s_087,로봇
id_s_088,카페운영
id_s_088,해양생물학
id_s_088,공예
id_s_089,팟캐스트
id_s_089,NGO활동
id_s_089,기후위기
id_s_089,디자인
id_s_090,학습코칭
id_s_090,공연기획
id_s_090,도시농업
id_s_090,메이커활동
id_s_090,소셜모임운영
id_s_091,AI
id_s_091,글쓰기
id_s_091,등산
id_s_092,게임방송
id_s_092,데이터 분석
id_s_092,로컬푸드
id_s_092,사회혁신
id_s_093,교육
id_s_093,드론
id_s_093,바이오
id_s_093,수학
id_s_093,요리
id_s_094,대중강연
id_s_094,로봇
id_s_094,사진
id_s_095,독서모임
id_s_095,멘토링
id_s_095,숏폼콘텐츠
id_s_095,영양관리
id_s_096,디자인
id_s_096,브랜딩
id_s_096,심리상담
id_s_096,웹툰
id_s_096,지역축제
id_s_097,메이커활동
id_s_097,소셜모임운영
id_s_097,영상제작
id_s_098,반려동물커뮤니티
id_s_098,식품개발
id_s_098,운동처방
id_s_098,정육유통
id_s_099,사회혁신
id_s_099,양자역학
id_s_099,응급처치
id_s_099,카페운영
id_s_099,해양생물학
id_s_100,수학
id_s_100,요리
id_s_100,저널리즘
id_s_101,아이돌팬클럽
id_s_101,음악
id_s_101,창업
id_s_101,학습코칭
id_s_102,영양관리
id_s_102,재생에너지
id_s_102,토론
id_s_102,AI
id_s_102,글쓰기
id_s_103,웹툰
id_s_103,지역축제
id_s_103,플리마켓
id_s_104,의료기술
id_s_104,코딩교육
id_s_104,환경보호
id_s_104,교육
id_s_105,정육유통
id_s_105,패션스타일링
id_s_105,SF 독서
id_s_105,대중강연
id_s_105,로봇
id_s_106,카페운영
id_s_106,해양생물학
id_s_106,공예
id_s_107,팟캐스트
id_s_107,NGO활동
id_s_107,기후위기
id_s_107,디자인
id_s_108,학습코칭
id_s_108,공연기획
id_s_108,도시농업
id_s_108,메이커활동
id_s_108,소셜모임운영
id_s_109,AI
id_s_109,글쓰기
id_s_109,등산
id_s_110,게임방송
id_s_110,데이터 분석
id_s_110,로컬푸드
id_s_110,사회혁신
id_s_111,교육
id_s_111,드론
id_s_111,바이오
id_s_111,수학
id_s_111,요리
id_s_112,대중강연
id_s_112,로봇
id_s_112,사진
id_s_113,독서모임
id_s_113,멘토링
id_s_113,숏폼콘텐츠
id_s_113,영양관리
id_s_114,디자인
id_s_114,브랜딩
id_s_114,심리상담
id_s_114,웹툰
id_s_114,지역축제
id_s_115,메이커활동
id_s_115,소셜모임운영
id_s_115,영상제작
id_s_116,반려동물커뮤니티
id_s_116,식품개발
id_s_116,운동처방
id_s_116,정육유통
id_s_117,사회혁신
id_s_117,양자역학
id_s_117,응급처치
id_s_117,카페운영
id_s_117,해양생물학
id_s_118,수학
id_s_118,요리
id_s_118,저널리즘
id_s_119,아이돌팬클럽
id_s_119,음악
id_s_119,창업
id_s_119,학습코칭
id_s_120,영양관리
id_s_120,재생에너지
id_s_120,토론
id_s_120,AI
id_s_120,글쓰기
id_s_121,웹툰
id_s_121,지역축제
id_s_121,플리마켓
id_s_122,의료기술
id_s_122,코딩교육
id_s_122,환경보호
id_s_122,교육
id_s_123,정육유통
id_s_123,패션스타일링
id_s_123,SF 독서
id_s_123,대중강연
id_s_123,로봇
id_s_124,카페운영
id_s_124,해양생물학
id_s_124,공예
id_s_125,팟캐스트
id_s_125,NGO활동
id_s_125,기후위기
id_s_125,디자인
id_s_126,학습코칭
id_s_126,공연기획
id_s_126,도시농업
id_s_126,메이커활동
id_s_126,소셜모임운영
id_s_127,AI
id_s_127,글쓰기
id_s_127,등산
id_s_128,게임방송
id_s_128,데이터 분석
id_s_128,로컬푸드
id_s_128,사회혁신
id_s_129,교육
id_s_129,드론
id_s_129,바이오
id_s_129,수학
id_s_129,요리
id_s_130,대중강연
id_s_130,로봇
id_s_130,사진
id_s_131,독서모임
id_s_131,멘토링
id_s_131,숏폼콘텐츠
id_s_131,영양관리
id_s_132,디자인
id_s_132,브랜딩
id_s_132,심리상담
id_s_132,웹툰
id_s_132,지역축제
id_s_133,메이커활동
id_s_133,소셜모임운영
id_s_133,영상제작
id_s_134,반려동물커뮤니티
id_s_134,식품개발
id_s_134,운동처방
id_s_134,정육유통
id_s_135,사회혁신
id_s_135,양자역학
id_s_135,응급처치
id_s_135,카페운영
id_s_135,해양생물학
id_s_136,수학
id_s_136,요리
id_s_136,저널리즘
id_s_137,아이돌팬클럽
id_s_137,음악
id_s_137,창업
id_s_137,학습코칭
id_s_138,영양관리
id_s_138,재생에너지
id_s_138,토론
id_s_138,AI
id_s_138,글쓰기
id_s_139,웹툰
id_s_139,지역축제
id_s_139,플리마켓
id_s_140,의료기술
id_s_140,코딩교육
id_s_140,환경보호
id_s_140,교육
id_s_141,정육유통
id_s_141,패션스타일링
id_s_141,SF 독서
id_s_141,대중강연
id_s_141,로봇
id_s_142,카페운영
id_s_142,해양생물학
id_s_142,공예
id_s_143,팟캐스트
id_s_143,NGO활동
id_s_143,기후위기
id_s_143,디자인
id_s_144,학습코칭
id_s_144,공연기획
id_s_144,도시농업
id_s_144,메이커활동
id_s_144,소셜모임운영
id_s_145,AI
id_s_145,글쓰기
id_s_145,등산
id_s_146,게임방송
id_s_146,데이터 분석
id_s_146,로컬푸드
id_s_146,사회혁신
id_s_147,교육
id_s_147,드론
id_s_147,바이오
id_s_147,수학
id_s_147,요리
id_s_148,대중강연
id_s_148,로봇
id_s_148,사진
id_s_149,독서모임
id_s_149,멘토링
id_s_149,숏폼콘텐츠
id_s_149,영양관리
id_s_150,디자인
id_s_150,브랜딩
id_s_150,심리상담
id_s_150,웹툰
id_s_150,지역축제
id_s_151,메이커활동
id_s_151,소셜모임운영
id_s_151,영상제작
id_s_152,반려동물커뮤니티
id_s_152,식품개발
id_s_152,운동처방
id_s_152,정육유통
id_s_153,사회혁신
id_s_153,양자역학
id_s_153,응급처치
id_s_153,카페운영
id_s_153,해양생물학
id_s_154,수학
id_s_154,요리
id_s_154,저널리즘
id_s_155,아이돌팬클럽
id_s_155,음악
id_s_155,창업
id_s_155,학습코칭
id_s_156,영양관리
id_s_156,재생에너지
id_s_156,토론
id_s_156,AI
id_s_156,글쓰기
id_s_157,웹툰
id_s_157,지역축제
id_s_157,플리마켓
id_s_158,의료기술
id_s_158,코딩교육
id_s_158,환경보호
id_s_158,교육
id_s_159,정육유통
id_s_159,패션스타일링
id_s_159,SF 독서
id_s_159,대중강연
id_s_159,로봇
id_s_160,카페운영
id_s_160,해양생물학
id_s_160,공예
id_s_161,팟캐스트
id_s_161,NGO활동
id_s_161,기후위기
id_s_161,디자인
id_s_162,학습코칭
id_s_162,공연기획
id_s_162,도시농업
id_s_162,메이커활동
id_s_162,소셜모임운영
id_s_163,AI
id_s_163,글쓰기
id_s_163,등산
id_s_164,게임방송
id_s_164,데이터 분석
id_s_164,로컬푸드
id_s_164,사회혁신
id_s_165,교육
id_s_165,드론
id_s_165,바이오
id_s_165,수학
id_s_165,요리
id_s_166,대중강연
id_s_166,로봇
id_s_166,사진
id_s_167,독서모임
id_s_167,멘토링
id_s_167,숏폼콘텐츠
id_s_167,영양관리
id_s_168,디자인
id_s_168,브랜딩
id_s_168,심리상담
id_s_168,웹툰
id_s_168,지역축제
id_s_169,메이커활동
id_s_169,소셜모임운영
id_s_169,영상제작
id_s_170,반려동물커뮤니티
id_s_170,식품개발
id_s_170,운동처방
id_s_170,정육유통
id_s_171,사회혁신
id_s_171,양자역학
id_s_171,응급처치
id_s_171,카페운영
id_s_171,해양생물학
id_s_172,수학
id_s_172,요리
id_s_172,저널리즘
id_s_173,아이돌팬클럽
id_s_173,음악
id_s_173,창업
id_s_173,학습코칭
id_s_174,영양관리
id_s_174,재생에너지
id_s_174,토론
id_s_174,AI
id_s_174,글쓰기
id_s_175,웹툰
id_s_175,지역축제
id_s_175,플리마켓
id_s_176,의료기술
id_s_176,코딩교육
id_s_176,환경보호
id_s_176,교육
id_s_177,정육유통
id_s_177,패션스타일링
id_s_177,SF 독서
id_s_177,대중강연
id_s_177,로봇
id_s_178,카페운영
id_s_178,해양생물학
id_s_178,공예
id_s_179,팟캐스트
id_s_179,NGO활동
id_s_179,기후위기
id_s_179,디자인
id_s_180,학습코칭
id_s_180,공연기획
id_s_180,도시농업
id_s_180,메이커활동
id_s_180,소셜모임운영
id_s_181,AI
id_s_181,글쓰기
id_s_181,등산
id_s_182,게임방송
id_s_182,데이터 분석
id_s_182,로컬푸드
id_s_182,사회혁신
id_s_183,교육
id_s_183,드론
id_s_183,바이오
id_s_183,수학
id_s_183,요리
id_s_184,대중강연
id_s_184,로봇
id_s_184,사진
id_s_185,독서모임
id_s_185,멘토링
id_s_185,숏폼콘텐츠
id_s_185,영양관리
id_s_186,디자인
id_s_186,브랜딩
id_s_186,심리상담
id_s_186,웹툰
id_s_186,지역축제
id_s_187,메이커활동
id_s_187,소셜모임운영
id_s_187,영상제작
id_s_188,반려동물커뮤니티
id_s_188,식품개발
id_s_188,운동처방
id_s_188,정육유통
id_s_189,사회혁신
id_s_189,양자역학
id_s_189,응급처치
id_s_189,카페운영
id_s_189,해양생물학
id_s_190,수학
id_s_190,요리
id_s_190,저널리즘
id_s_191,아이돌팬클럽
id_s_191,음악
id_s_191,창업
id_s_191,학습코칭
id_s_192,영양관리
id_s_192,재생에너지
id_s_192,토론
id_s_192,AI
id_s_192,글쓰기
id_s_193,웹툰
id_s_193,지역축제
id_s_193,플리마켓
id_s_194,의료기술
id_s_194,코딩교육
id_s_194,환경보호
id_s_194,교육
id_s_195,정육유통
id_s_195,패션스타일링
id_s_195,SF 독서
id_s_195,대중강연
id_s_195,로봇
id_s_196,카페운영
id_s_196,해양생물학
id_s_196,공예
id_s_197,팟캐스트
id_s_197,NGO활동
id_s_197,기후위기
id_s_197,디자인
id_s_198,학습코칭
id_s_198,공연기획
id_s_198,도시농업
id_s_198,메이커활동
id_s_198,소셜모임운영
id_s_199,AI
id_s_199,글쓰기
id_s_199,등산
id_s_200,게임방송
id_s_200,데이터 분석
id_s_200,로컬푸드
id_s_200,사회혁신
id_s_201,교육
id_s_201,드론
id_s_201,바이오
id_s_201,수학
id_s_201,요리
id_s_202,대중강연
id_s_202,로봇
id_s_202,사진
id_s_203,독서모임
id_s_203,멘토링
id_s_203,숏폼콘텐츠
id_s_203,영양관리
id_s_204,디자인
id_s_204,브랜딩
id_s_204,심리상담
id_s_204,웹툰
id_s_204,지역축제
id_s_205,메이커활동
id_s_205,소셜모임운영
id_s_205,영상제작
id_s_206,반려동물커뮤니티
id_s_206,식품개발
id_s_206,운동처방
id_s_206,정육유통
id_s_207,사회혁신
id_s_207,양자역학
id_s_207,응급처치
id_s_207,카페운영
id_s_207,해양생물학
id_s_208,수학
id_s_208,요리
id_s_208,저널리즘
id_s_209,아이돌팬클럽
id_s_209,음악
id_s_209,창업
id_s_209,학습코칭
id_s_210,영양관리
id_s_210,재생에너지
id_s_210,토론
id_s_210,AI
id_s_210,글쓰기
id_s_211,웹툰
id_s_211,지역축제
id_s_211,플리마켓
id_s_212,의료기술
id_s_212,코딩교육
id_s_212,환경보호
id_s_212,교육
id_s_213,정육유통
id_s_213,패션스타일링
id_s_213,SF 독서
id_s_213,대중강연
id_s_213,로봇
id_s_214,카페운영
id_s_214,해양생물학
id_s_214,공예
id_s_215,팟캐스트
id_s_215,NGO활동
id_s_215,기후위기
id_s_215,디자인
id_s_216,학습코칭
id_s_216,공연기획
id_s_216,도시농업
id_s_216,메이커활동
id_s_216,소셜모임운영
id_s_217,AI
id_s_217,글쓰기
id_s_217,등산
id_s_218,게임방송
id_s_218,데이터 분석
id_s_218,로컬푸드
id_s_218,사회혁신
id_s_219,교육
id_s_219,드론
id_s_219,바이오
id_s_219,수학
id_s_219,요리
id_s_220,대중강연
id_s_220,로봇
id_s_220,사진
id_s_221,독서모임
id_s_221,멘토링
id_s_221,숏폼콘텐츠
id_s_221,영양관리
id_s_222,디자인
id_s_222,브랜딩
id_s_222,심리상담
id_s_222,웹툰
id_s_222,지역축제
id_s_223,메이커활동
id_s_223,소셜모임운영
id_s_223,영상제작
id_s_224,반려동물커뮤니티
id_s_224,식품개발
id_s_224,운동처방
id_s_224,정육유통
id_s_225,사회혁신
id_s_225,양자역학
id_s_225,응급처치
id_s_225,카페운영
id_s_225,해양생물학
id_s_226,수학
id_s_226,요리
id_s_226,저널리즘
id_s_227,아이돌팬클럽
id_s_227,음악
id_s_227,창업
id_s_227,학습코칭
id_s_228,영양관리
id_s_228,재생에너지
id_s_228,토론
id_s_228,AI
id_s_228,글쓰기
id_s_229,웹툰
id_s_229,지역축제
id_s_229,플리마켓
id_s_230,의료기술
id_s_230,코딩교육
id_s_230,환경보호
id_s_230,교육
id_s_231,정육유통
id_s_231,패션스타일링
id_s_231,SF 독서
id_s_231,대중강연
id_s_231,로봇
id_s_232,카페운영
id_s_232,해양생물학
id_s_232,공예
id_s_233,팟캐스트
id_s_233,NGO활동
id_s_233,기후위기
id_s_233,디자인
id_s_234,학습코칭
id_s_234,공연기획
id_s_234,도시농업
id_s_234,메이커활동
id_s_234,소셜모임운영
id_s_235,AI
id_s_235,글쓰기
id_s_235,등산
id_s_236,게임방송
id_s_236,데이터 분석
id_s_236,로컬푸드
id_s_236,사회혁신
id_s_237,교육
id_s_237,드론
id_s_237,바이오
id_s_237,수학
id_s_237,요리
id_s_238,대중강연
id_s_238,로봇
id_s_238,사진
id_s_239,독서모임
id_s_239,멘토링
id_s_239,숏폼콘텐츠
id_s_239,영양관리
id_s_240,디자인
id_s_240,브랜딩
id_s_240,심리상담
id_s_240,웹툰
id_s_240,지역축제
id_s_241,메이커활동
id_s_241,소셜모임운영
id_s_241,영상제작
id_s_242,반려동물커뮤니티
id_s_242,식품개발
id_s_242,운동처방
id_s_242,정육유통
id_s_243,사회혁신
id_s_243,양자역학
id_s_243,응급처치
id_s_243,카페운영
id_s_243,해양생물학
id_s_244,수학
id_s_244,요리
id_s_244,저널리즘
id_s_245,아이돌팬클럽
id_s_245,음악
id_s_245,창업
id_s_245,학습코칭
id_s_246,영양관리
id_s_246,재생에너지
id_s_246,토론
id_s_246,AI
id_s_246,글쓰기
id_s_247,웹툰
id_s_247,지역축제
id_s_247,플리마켓
id_s_248,의료기술
id_s_248,코딩교육
id_s_248,환경보호
id_s_248,교육
id_s_249,정육유통
id_s_249,패션스타일링
id_s_249,SF 독서
id_s_249,대중강연
id_s_249,로봇
id_s_250,카페운영
id_s_250,해양생물학
id_s_250,공예
id_s_251,팟캐스트
id_s_251,NGO활동
id_s_251,기후위기
id_s_251,디자인
id_s_252,학습코칭
id_s_252,공연기획
id_s_252,도시농업
id_s_252,메이커활동
id_s_252,소셜모임운영
id_s_253,AI
id_s_253,글쓰기
id_s_253,등산
id_s_254,게임방송
id_s_254,데이터 분석
id_s_254,로컬푸드
id_s_254,사회혁신
id_s_255,교육
id_s_255,드론
id_s_255,바이오
id_s_255,수학
id_s_255,요리
id_s_256,대중강연
id_s_256,로봇
id_s_256,사진
id_s_257,독서모임
id_s_257,멘토링
id_s_257,숏폼콘텐츠
id_s_257,영양관리
id_s_258,디자인
id_s_258,브랜딩
id_s_258,심리상담
id_s_258,웹툰
id_s_258,지역축제
id_s_259,메이커활동
id_s_259,소셜모임운영
id_s_259,영상제작
id_s_260,반려동물커뮤니티
id_s_260,식품개발
id_s_260,운동처방
id_s_260,정육유통
id_s_261,사회혁신
id_s_261,양자역학
id_s_261,응급처치
id_s_261,카페운영
id_s_261,해양생물학
id_s_262,수학
id_s_262,요리
id_s_262,저널리즘
id_s_263,아이돌팬클럽
id_s_263,음악
id_s_263,창업
id_s_263,학습코칭
id_s_264,영양관리
id_s_264,재생에너지
id_s_264,토론
id_s_264,AI
id_s_264,글쓰기
id_s_265,웹툰
id_s_265,지역축제
id_s_265,플리마켓
id_s_266,의료기술
id_s_266,코딩교육
id_s_266,환경보호
id_s_266,교육
id_s_267,정육유통
id_s_267,패션스타일링
id_s_267,SF 독서
id_s_267,대중강연
id_s_267,로봇
id_s_268,카페운영
id_s_268,해양생물학
id_s_268,공예
id_s_269,팟캐스트
id_s_269,NGO활동
id_s_269,기후위기
id_s_269,디자인
id_s_270,학습코칭
id_s_270,공연기획
id_s_270,도시농업
id_s_270,메이커활동
id_s_270,소셜모임운영
id_s_271,AI
id_s_271,글쓰기
id_s_271,등산
id_s_272,게임방송
id_s_272,데이터 분석
id_s_272,로컬푸드
id_s_272,사회혁신
id_s_273,교육
id_s_273,드론
id_s_273,바이오
id_s_273,수학
id_s_273,요리
id_s_274,대중강연
id_s_274,로봇
id_s_274,사진
id_s_275,독서모임
id_s_275,멘토링
id_s_275,숏폼콘텐츠
id_s_275,영양관리
id_s_276,디자인
id_s_276,브랜딩
id_s_276,심리상담
id_s_276,웹툰
id_s_276,지역축제
id_s_277,메이커활동
id_s_277,소셜모임운영
id_s_277,영상제작
id_s_278,반려동물커뮤니티
id_s_278,식품개발
id_s_278,운동처방
id_s_278,정육유통
id_s_279,사회혁신
id_s_279,양자역학
id_s_279,응급처치
id_s_279,카페운영
id_s_279,해양생물학
id_s_280,수학
id_s_280,요리
id_s_280,저널리즘
id_s_281,아이돌팬클럽
id_s_281,음악
id_s_281,창업
id_s_281,학습코칭
id_s_282,영양관리
id_s_282,재생에너지
id_s_282,토론
id_s_282,AI
id_s_282,글쓰기
id_s_283,웹툰
id_s_283,지역축제
id_s_283,플리마켓
id_s_284,의료기술
id_s_284,코딩교육
id_s_284,환경보호
id_s_284,교육
id_s_285,정육유통
id_s_285,패션스타일링
id_s_285,SF 독서
id_s_285,대중강연
id_s_285,로봇
id_s_286,카페운영
id_s_286,해양생물학
id_s_286,공예
id_s_287,팟캐스트
id_s_287,NGO활동
id_s_287,기후위기
id_s_287,디자인
id_s_288,학습코칭
id_s_288,공연기획
id_s_288,도시농업
id_s_288,메이커활동
id_s_288,소셜모임운영
id_s_289,AI
id_s_289,글쓰기
id_s_289,등산
id_s_290,게임방송
id_s_290,데이터 분석
id_s_290,로컬푸드
id_s_290,사회혁신
id_s_291,교육
id_s_291,드론
id_s_291,바이오
id_s_291,수학
id_s_291,요리
id_s_292,대중강연
id_s_292,로봇
id_s_292,사진
id_s_293,독서모임
id_s_293,멘토링
id_s_293,숏폼콘텐츠
id_s_293,영양관리
id_s_294,디자인
id_s_294,브랜딩
id_s_294,심리상담
id_s_294,웹툰
id_s_294,지역축제
id_s_295,메이커활동
id_s_295,소셜모임운영
id_s_295,영상제작
id_s_296,반려동물커뮤니티
id_s_296,식품개발
id_s_296,운동처방
id_s_296,정육유통
id_s_297,사회혁신
id_s_297,양자역학
id_s_297,응급처치
id_s_297,카페운영
id_s_297,해양생물학
id_s_298,수학
id_s_298,요리
id_s_298,저널리즘
id_s_299,아이돌팬클럽
id_s_299,음악
id_s_299,창업
id_s_299,학습코칭
id_s_300,영양관리
id_s_300,재생에너지
id_s_300,토론
id_s_300,AI
id_s_300,글쓰기
